"AppId","AppDisplayName","AppOwnerOrganizationId","Source"
"905fcf26-4eb7-48a0-9ff0-8dcc7194b5ba","Sway","f8cdef31-a31e-4b4a-93e4-5f571e91255a","Graph"
"9e4a5442-a5c9-4f6f-b03f-5b9fcaaf24b1","OfficeServicesManager","f8cdef31-a31e-4b4a-93e4-5f571e91255a","Graph"
"3cf6df92-2745-4f6f-bbcf-19b59bcdb62a","Office 365 Client Admin","f8cdef31-a31e-4b4a-93e4-5f571e91255a","Graph"
"e3335adb-5ca0-40dc-b8d3-bedc094e523b","SubscriptionRP","f8cdef31-a31e-4b4a-93e4-5f571e91255a","Graph"
"67e3df25-268a-4324-a550-0de1c7f97287","Office Online Service LEGACY","f8cdef31-a31e-4b4a-93e4-5f571e91255a","Graph"
"978877ea-b2d6-458b-80c7-05df932f3723","Microsoft Teams AuditService","f8cdef31-a31e-4b4a-93e4-5f571e91255a","Graph"
"607e1f95-b519-4bac-8a15-6196f40e8977","StreamToSubstrateRepl","f8cdef31-a31e-4b4a-93e4-5f571e91255a","Graph"
"507bc9da-c4e2-40cb-96a7-ac90df92685c","Office 365 Reports","f8cdef31-a31e-4b4a-93e4-5f571e91255a","Graph"
"b7912db9-aa33-4820-9d4f-709830fdd78f","ConnectionsService","f8cdef31-a31e-4b4a-93e4-5f571e91255a","Graph"
"2bb78a2a-f8f1-4bc3-8ecf-c1e15a0726e6","MicrosoftTeamsCortanaSkills","f8cdef31-a31e-4b4a-93e4-5f571e91255a","Graph"
"7c33bfcb-8d33-48d6-8e60-dc6404003489","Network Watcher","f8cdef31-a31e-4b4a-93e4-5f571e91255a","Graph"
"3184af01-7a88-49e0-8b55-8ecdce0aa950","Azure Cost Management XCloud","f8cdef31-a31e-4b4a-93e4-5f571e91255a","Graph"
"1c0ae35a-e2ec-4592-8e08-c40884656fa5","Skype Team Substrate connector","f8cdef31-a31e-4b4a-93e4-5f571e91255a","Graph"
"57fb890c-0dab-4253-a5e0-7188c88b2bb4","SharePoint Online Client","f8cdef31-a31e-4b4a-93e4-5f571e91255a","Graph"
"7e313d81-57dd-4bdd-906e-337963583de3","Intune DeviceDirectory ConfidentialClient","f8cdef31-a31e-4b4a-93e4-5f571e91255a","Graph"
"ba9ff945-a723-4ab5-a977-bd8c9044fe61","My Staff","f8cdef31-a31e-4b4a-93e4-5f571e91255a","Graph"
"3e050dd7-7815-46a0-8263-b73168a42c10","Teams Approvals","f8cdef31-a31e-4b4a-93e4-5f571e91255a","Graph"
"557c67cf-c916-4293-8373-d584996f60ae","Configuration Manager Microservice","f8cdef31-a31e-4b4a-93e4-5f571e91255a","Graph"
"aa9ecb1e-fd53-4aaa-a8fe-7a54de2c1334","Office 365 Configure","f8cdef31-a31e-4b4a-93e4-5f571e91255a","Graph"
"9d4afbbc-06a4-49e0-8005-4e5afd1d4fec","ZTNA Network Access Control Plane","f8cdef31-a31e-4b4a-93e4-5f571e91255a","Graph"
"bd6d9218-235b-4abd-b3be-9ff157dcf36c","MDC Data Sensitivity","f8cdef31-a31e-4b4a-93e4-5f571e91255a","Graph"
"f416c5fc-9ac4-4f66-a8e5-cb203139cbe4","OCPS Admin Service","f8cdef31-a31e-4b4a-93e4-5f571e91255a","Graph"
"c066d759-24ae-40e7-a56f-027002b5d3e4","M365DataAtRestEncryption","f8cdef31-a31e-4b4a-93e4-5f571e91255a","Graph"
"a57aca87-cbc0-4f3c-8b9e-dc095fdc8978","IAM Supportability","f8cdef31-a31e-4b4a-93e4-5f571e91255a","Graph"
"c476eb34-4c94-43bc-97fc-94ede0534615","Azure Update Manager","f8cdef31-a31e-4b4a-93e4-5f571e91255a","Graph"
"1fd5118e-2576-4263-8130-9503064c837a","Azure Communication Services","f8cdef31-a31e-4b4a-93e4-5f571e91255a","Graph"
"038187f5-ca69-4382-8c0b-8d87708d099f","MSAI Substrate Meeting Intelligence ","f8cdef31-a31e-4b4a-93e4-5f571e91255a","Graph"
"e4ab13ed-33cb-41b4-9140-6e264582cf85","Azure SQL Database Backup To Azure Backup Vault","f8cdef31-a31e-4b4a-93e4-5f571e91255a","Graph"
"8f41dc7c-542c-4bdd-8eb3-e60543f607ca","Microsoft Device Directory Service","f8cdef31-a31e-4b4a-93e4-5f571e91255a","Graph"
"c728155f-7b2a-4502-a08b-b8af9b269319","AAD Request Verification Service - PROD","f8cdef31-a31e-4b4a-93e4-5f571e91255a","Graph"
"cf53fce8-def6-4aeb-8d30-b158e7b1cf83","Microsoft Stream Portal","f8cdef31-a31e-4b4a-93e4-5f571e91255a","Graph"
"f2537abf-644e-4a0d-9f7b-c91c45c643db","Teams Admin Monitoring Alerting Platform","f8cdef31-a31e-4b4a-93e4-5f571e91255a","Graph"
"1d78a85d-813d-46f0-b496-dd72f50a3ec0","Microsoft Azure Policy Insights","f8cdef31-a31e-4b4a-93e4-5f571e91255a","Graph"
"4ac7d521-0382-477b-b0f8-7e1d95f85ca2","Azure Analysis Services","f8cdef31-a31e-4b4a-93e4-5f571e91255a","Graph"
"4660504c-45b3-4674-a709-71951a6b0763","Microsoft Invitation Acceptance Portal","f8cdef31-a31e-4b4a-93e4-5f571e91255a","Graph"
"475226c6-020e-4fb2-8a90-7a972cbfc1d4","PowerApps Service","f8cdef31-a31e-4b4a-93e4-5f571e91255a","Graph"
"a303894e-f1d8-4a37-bf10-67aa654a0596","Compute Usage Provider","f8cdef31-a31e-4b4a-93e4-5f571e91255a","Graph"
"dc457883-bafe-4f8b-a333-29685e7eaa9e","PPE-DataResidencyService","f8cdef31-a31e-4b4a-93e4-5f571e91255a","Graph"
"01cb2876-7ebd-4aa4-9cc9-d28bd4d359a9","Device Registration Service","f8cdef31-a31e-4b4a-93e4-5f571e91255a","Graph"
"30e31aeb-977f-4f4f-a483-b61e8377b302","Microsoft Teams ADL","f8cdef31-a31e-4b4a-93e4-5f571e91255a","Graph"
"9c8b80bc-6887-42d0-b1af-d0c40f9bf1fa","Azure SQL Managed Instance to Azure AD Resource Provider","f8cdef31-a31e-4b4a-93e4-5f571e91255a","Graph"
"cbff9545-769a-4b41-b76e-fbb069e8727e","Microsoft Defender for Cloud Pricing Resource Provider","f8cdef31-a31e-4b4a-93e4-5f571e91255a","Graph"
"69dda2a9-33ca-4ed0-83fb-a9b7b8973ff4","Azure Files","f8cdef31-a31e-4b4a-93e4-5f571e91255a","Graph"
"cfa8b339-82a2-471a-a3c9-0fc0be7a4093","Azure Key Vault","f8cdef31-a31e-4b4a-93e4-5f571e91255a","Graph"
"00000007-0000-0000-c000-000000000000","Dataverse","f8cdef31-a31e-4b4a-93e4-5f571e91255a","Graph"
"62fd1447-0ef3-4ab7-a956-7dd05232ecc1","Office Scripts Service","f8cdef31-a31e-4b4a-93e4-5f571e91255a","Graph"
"50d8616b-fd4f-4fac-a1c9-a6a9440d7fe0","OMSAuthorizationServicePROD","f8cdef31-a31e-4b4a-93e4-5f571e91255a","Graph"
"3340b944-b12e-47d0-b46b-35f08ec1d8ee","SPAuthEvent","f8cdef31-a31e-4b4a-93e4-5f571e91255a","Graph"
"00000006-0000-0ff1-ce00-000000000000","Microsoft Office 365 Portal","f8cdef31-a31e-4b4a-93e4-5f571e91255a","Graph"
"7dcff627-a295-4553-9229-b1f3513f82a8","Power Platform Data Analytics","f8cdef31-a31e-4b4a-93e4-5f571e91255a","Graph"
"cfbd4387-1a16-4945-83c0-ec10e46cd4da","Azure Security for IoT","f8cdef31-a31e-4b4a-93e4-5f571e91255a","Graph"
"354b5b6d-abd6-4736-9f51-1be80049b91f","Microsoft Mobile Application Management Backend","f8cdef31-a31e-4b4a-93e4-5f571e91255a","Graph"
"8f348934-64be-4bb2-bc16-c54c96789f43","EDU Assignments","f8cdef31-a31e-4b4a-93e4-5f571e91255a","Graph"
"372140e0-b3b7-4226-8ef9-d57986796201","Azure Windows VM Sign-In","f8cdef31-a31e-4b4a-93e4-5f571e91255a","Graph"
"b2cc270f-563e-4d8a-af47-f00963a71dcd","OneProfile Service","f8cdef31-a31e-4b4a-93e4-5f571e91255a","Graph"
"579d9c9d-4c83-4efc-8124-7eba65ed3356","Azure Compute","f8cdef31-a31e-4b4a-93e4-5f571e91255a","Graph"
"39624784-6cbe-4a60-afbe-9f46d10fdb27","Teams and Skype for Business Administration","f8cdef31-a31e-4b4a-93e4-5f571e91255a","Graph"
"eace8149-b661-472f-b40d-939f89085bd4","Substrate Instant Revocation Pipeline","f8cdef31-a31e-4b4a-93e4-5f571e91255a","Graph"
"2233b157-f44d-4812-b777-036cdaf9a96e","Azure Cloud Shell","f8cdef31-a31e-4b4a-93e4-5f571e91255a","Graph"
"00000005-0000-0ff1-ce00-000000000000","Viva Engage","f8cdef31-a31e-4b4a-93e4-5f571e91255a","Graph"
"fc68d9e5-1f76-45ef-99aa-214805418498","Azure AD Identity Protection","f8cdef31-a31e-4b4a-93e4-5f571e91255a","Graph"
"257601fd-462f-4a21-b623-7f719f0f90f4","Centralized Deployment","f8cdef31-a31e-4b4a-93e4-5f571e91255a","Graph"
"8bdebf23-c0fe-4187-a378-717ad86f6a53","ResourceHealthRP","f8cdef31-a31e-4b4a-93e4-5f571e91255a","Graph"
"b55b276d-2b09-4ad2-8de5-f09cf24ffba9","Microsoft Teams - Teams And Channels Service","f8cdef31-a31e-4b4a-93e4-5f571e91255a","Graph"
"d48cb907-3a0f-481e-a0d1-41097337a938","EAPortals-AAD-PROD-PME","f8cdef31-a31e-4b4a-93e4-5f571e91255a","Graph"
"51133ff5-8e0d-4078-bcca-84fb7f905b64","Microsoft Teams Mailhook","f8cdef31-a31e-4b4a-93e4-5f571e91255a","Graph"
"a164aee5-7d0a-46bb-9404-37421d58bdf7","Microsoft Teams AuthSvc","f8cdef31-a31e-4b4a-93e4-5f571e91255a","Graph"
"56a02f66-b2ce-4568-954b-907d5476c479","Production-DPS-1P-SQLIaaS","f8cdef31-a31e-4b4a-93e4-5f571e91255a","Graph"
"2db8cb1d-fb6c-450b-ab09-49b6ae35186b","Microsoft Dynamics CRM Learning Path","f8cdef31-a31e-4b4a-93e4-5f571e91255a","Graph"
"9cb77803-d937-493e-9a3b-4b49de3f5a74","Microsoft Intune Service Discovery","f8cdef31-a31e-4b4a-93e4-5f571e91255a","Graph"
"3138fe80-4087-4b04-80a6-8866c738028a","SharePoint Notification Service","f8cdef31-a31e-4b4a-93e4-5f571e91255a","Graph"
"ab3be6b7-f5df-413d-ac2d-abf1e3fd9c0b","Microsoft Teams Graph Service","f8cdef31-a31e-4b4a-93e4-5f571e91255a","Graph"
"9e5d84af-8971-422f-968a-354cd675ae5b","ComplianceAuthServer","f8cdef31-a31e-4b4a-93e4-5f571e91255a","Graph"
"e1829006-9cf1-4d05-8b48-2e665cb48e6a","Microsoft Teams Web Client","f8cdef31-a31e-4b4a-93e4-5f571e91255a","Graph"
"ca7f3f0b-7d91-482c-8e09-c5d840d0eac5","Log Analytics API","f8cdef31-a31e-4b4a-93e4-5f571e91255a","Graph"
"765fe668-04e7-42ba-aec0-2c96f1d8b652","Exchange Office Graph Client for AAD - Noninteractive","f8cdef31-a31e-4b4a-93e4-5f571e91255a","Graph"
"844cca35-0656-46ce-b636-13f48b0eecbd","Microsoft Stream Mobile Native","f8cdef31-a31e-4b4a-93e4-5f571e91255a","Graph"
"0eda3b13-ddc9-4c25-b7dd-2f6ea073d6b7","Microsoft Flow CDS Integration Service","f8cdef31-a31e-4b4a-93e4-5f571e91255a","Graph"
"f09d1391-098c-47d7-ac7e-6ed2afc5016b","MicrosoftAzureADFulfillment","f8cdef31-a31e-4b4a-93e4-5f571e91255a","Graph"
"bc59ab01-8403-45c6-8796-ac3ef710b3e3","Outlook Online Add-in App","f8cdef31-a31e-4b4a-93e4-5f571e91255a","Graph"
"f36c30df-d241-4c14-a0ee-752c71e4d3da","IDS-PROD","f8cdef31-a31e-4b4a-93e4-5f571e91255a","Graph"
"207a6836-d031-4764-a9d8-c1193f455f21","Conference Auto Attendant","f8cdef31-a31e-4b4a-93e4-5f571e91255a","Graph"
"1996141e-2b07-4491-927a-5a024b335c78","Microsoft Teams UIS","f8cdef31-a31e-4b4a-93e4-5f571e91255a","Graph"
"4787c7ff-7cea-43db-8d0d-919f15c6354b","Dynamics 365 Viva Sales","f8cdef31-a31e-4b4a-93e4-5f571e91255a","Graph"
"ce79fdc4-cd1d-4ea5-8139-e74d7dbe0bb7","Lifecycle Workflows","f8cdef31-a31e-4b4a-93e4-5f571e91255a","Graph"
"feff8b5b-97f3-4374-a16a-1911ae9e15e9","Cloud Hybrid Search","f8cdef31-a31e-4b4a-93e4-5f571e91255a","Graph"
"8c8fbf21-0ef3-4f60-81cf-0df811ff5d16","Power Query Online GCC-L5","f8cdef31-a31e-4b4a-93e4-5f571e91255a","Graph"
"f18474f2-a66a-4bb0-a3c9-9b8d892092fa","MaintenanceResourceProvider","f8cdef31-a31e-4b4a-93e4-5f571e91255a","Graph"
"cb1bda4c-1213-4e8b-911a-0a8c83c5d3b7","o365.servicecommunications.microsoft.com","f8cdef31-a31e-4b4a-93e4-5f571e91255a","Graph"
"707be275-6b9d-4ee7-88f9-c0c2bd646e0f","Dynamic Alerts","f8cdef31-a31e-4b4a-93e4-5f571e91255a","Graph"
"00000004-0000-0ff1-ce00-000000000000","Skype for Business Online","f8cdef31-a31e-4b4a-93e4-5f571e91255a","Graph"
"dbcbd02a-d7c4-42fb-8c27-b07e5118b848","Azure Graph","f8cdef31-a31e-4b4a-93e4-5f571e91255a","Graph"
"7c99d979-3b9c-4342-97dd-3239678fb300","Data Classification Service","f8cdef31-a31e-4b4a-93e4-5f571e91255a","Graph"
"d8c767ef-3e9a-48c4-aef9-562696539b39","Request Approvals Read Platform","f8cdef31-a31e-4b4a-93e4-5f571e91255a","Graph"
"a70c8393-7c0c-4c1e-916a-811bd476ee11","Microsoft Defender for Cloud CIEM","f8cdef31-a31e-4b4a-93e4-5f571e91255a","Graph"
"00000002-0000-0ff1-ce00-000000000000","Office 365 Exchange Online","f8cdef31-a31e-4b4a-93e4-5f571e91255a","Graph"
"4990cffe-04e8-4e8b-808a-1175604b879f","Microsoft Partner","f8cdef31-a31e-4b4a-93e4-5f571e91255a","Graph"
"22d7579f-06c2-4baa-89d2-e844486adb9d","Cortana at Work Bing Services","f8cdef31-a31e-4b4a-93e4-5f571e91255a","Graph"
"05d97c70-cb7c-4e66-8138-d5ca7c59d206","Azure Edge Zones storage backend","f8cdef31-a31e-4b4a-93e4-5f571e91255a","Graph"
"48ac35b8-9aa8-4d74-927d-1f4a14a0b239","Skype and Teams Tenant Admin API","f8cdef31-a31e-4b4a-93e4-5f571e91255a","Graph"
"1e3e4475-288f-4018-a376-df66fd7fac5f","NetworkTrafficAnalyticsService","f8cdef31-a31e-4b4a-93e4-5f571e91255a","Graph"
"224a7b82-46c9-4d6b-8db0-7360fb444681","Microsoft Modern Contact Master","f8cdef31-a31e-4b4a-93e4-5f571e91255a","Graph"
"f2c304cf-8e7e-4c3f-8164-16299ad9d272","Azure Management Groups","f8cdef31-a31e-4b4a-93e4-5f571e91255a","Graph"
"7557eb47-c689-4224-abcf-aef9bd7573df","Skype for Business","f8cdef31-a31e-4b4a-93e4-5f571e91255a","Graph"
"56c1da01-2129-48f7-9355-af6d59d42766","Graph Connector Service","f8cdef31-a31e-4b4a-93e4-5f571e91255a","Graph"
"21a8a852-89f4-4947-a374-b26b2db3d365","IC3 Long Running Operations Service","f8cdef31-a31e-4b4a-93e4-5f571e91255a","Graph"
"603b8c59-ba28-40ff-83d1-408eee9a93e5","Verifiable Credentials Issuer Service","f8cdef31-a31e-4b4a-93e4-5f571e91255a","Graph"
"f5c26e74-f226-4ae8-85f0-b4af0080ac9e","Application Insights API","f8cdef31-a31e-4b4a-93e4-5f571e91255a","Graph"
"2ca80e7c-4ad1-444f-88f5-58f92b71b7b0","Euclid","f8cdef31-a31e-4b4a-93e4-5f571e91255a","Graph"
"499b84ac-1321-427f-aa17-267ca6975798","Azure DevOps","f8cdef31-a31e-4b4a-93e4-5f571e91255a","Graph"
"ef5d5c69-a5df-46bb-acaf-426f161a21a2","Managed Service Identity","f8cdef31-a31e-4b4a-93e4-5f571e91255a","Graph"
"e81c7467-0fc3-4866-b814-c973488361cd","AzureBackup_Fabric_Service","f8cdef31-a31e-4b4a-93e4-5f571e91255a","Graph"
"eacba838-453c-4d3e-8c6a-eb815d3469a3","Microsoft Flow CDS Integration Service TIP1","f8cdef31-a31e-4b4a-93e4-5f571e91255a","Graph"
"58ef1dbd-684c-47d6-8ffc-61ea7a197b95","AzNS EventHub Action","f8cdef31-a31e-4b4a-93e4-5f571e91255a","Graph"
"1b730954-1685-4b74-9bfd-dac224a7b894","Azure Active Directory PowerShell","f8cdef31-a31e-4b4a-93e4-5f571e91255a","Graph"
"63e61dc2-f593-4a6f-92b9-92e4d2c03d4f","Microsoft Intune SCCM Connector","f8cdef31-a31e-4b4a-93e4-5f571e91255a","Graph"
"328fd23b-de6e-462c-9433-e207470a5727","NFV Resource Provider","f8cdef31-a31e-4b4a-93e4-5f571e91255a","Graph"
"0858ddce-8fca-4479-929b-4504feeed95e","Microsoft Defender for Cloud Apps MIP Server","f8cdef31-a31e-4b4a-93e4-5f571e91255a","Graph"
"a1b76039-a76c-499f-a2dd-846b4cc32627","Azure Key Vault Managed HSM Key Governance Service","f8cdef31-a31e-4b4a-93e4-5f571e91255a","Graph"
"d6fdaa33-e821-4211-83d0-cf74736489e1","Microsoft Service Trust","f8cdef31-a31e-4b4a-93e4-5f571e91255a","Graph"
"8e0e8db5-b713-4e91-98e6-470fed0aa4c2","Microsoft Azure Signup Portal","f8cdef31-a31e-4b4a-93e4-5f571e91255a","Graph"
"f0ae4899-d877-4d3c-ae25-679e38eea492","AAD App Management","f8cdef31-a31e-4b4a-93e4-5f571e91255a","Graph"
"00f82732-f451-4a01-918c-0e9896e784f9","Skype for Business Application Configuration Service","f8cdef31-a31e-4b4a-93e4-5f571e91255a","Graph"
"ad40333e-9910-4b61-b281-e3aeeb8c3ef3","AI Builder Authorization Service","f8cdef31-a31e-4b4a-93e4-5f571e91255a","Graph"
"c2ada927-a9e2-4564-aae2-70775a2fa0af","OCaaS Client Interaction Service","f8cdef31-a31e-4b4a-93e4-5f571e91255a","Graph"
"c58637bb-e2e1-4312-8a00-04b5ffcd3403","SharePoint Online Client Extensibility","f8cdef31-a31e-4b4a-93e4-5f571e91255a","Graph"
"2f6713e6-1e21-4a83-91b4-5bf9a2378f81","Dynamics 365 Resource Scheduling Optimization","f8cdef31-a31e-4b4a-93e4-5f571e91255a","Graph"
"a150d169-7d37-47dd-9b20-156207b7b02f","MIP Exchange Solutions","f8cdef31-a31e-4b4a-93e4-5f571e91255a","Graph"
"d62121f3-e023-4972-b6b0-794190c0fd98","Office 365 Mover","f8cdef31-a31e-4b4a-93e4-5f571e91255a","Graph"
"273404b8-7ebc-4360-9f90-b40417f77b53","Microsoft Exact Data Match Service","f8cdef31-a31e-4b4a-93e4-5f571e91255a","Graph"
"0f6edad5-48f2-4585-a609-d252b1c52770","AIGraphClient","f8cdef31-a31e-4b4a-93e4-5f571e91255a","Graph"
"58ea322b-940c-4d98-affb-345ec4cccb92","M365 Pillar Diagnostics Service","f8cdef31-a31e-4b4a-93e4-5f571e91255a","Graph"
"7bf610f7-ecaf-43a2-9dbc-33b14314d6fe","Microsoft.SecurityDevOps Resource Provider","f8cdef31-a31e-4b4a-93e4-5f571e91255a","Graph"
"ca0a114d-6fbc-46b3-90fa-2ec954794ddb","Microsoft Device Management Checkin","f8cdef31-a31e-4b4a-93e4-5f571e91255a","Graph"
"ebe0c285-db95-403f-a1a3-a793bd6d7767","Office MRO Device Manager Service","f8cdef31-a31e-4b4a-93e4-5f571e91255a","Graph"
"18af356b-c4fd-4f52-9899-d09d21397ab7","Office365DirectorySynchronizationService","f8cdef31-a31e-4b4a-93e4-5f571e91255a","Graph"
"4e445925-163e-42ca-b801-9073bfa46d17","SharePoint Home Notifier","f8cdef31-a31e-4b4a-93e4-5f571e91255a","Graph"
"92876b03-76a3-4da8-ad6a-0511ffdf8647","ComplianceWorkbenchApp","f8cdef31-a31e-4b4a-93e4-5f571e91255a","Graph"
"db55028d-e5ba-420f-816a-d18c861aefdf","Microsoft Office Licensing Service vNext","f8cdef31-a31e-4b4a-93e4-5f571e91255a","Graph"
"b5a60e17-278b-4c92-a4e2-b9262e66bb28","Azure MFA StrongAuthenticationService","f8cdef31-a31e-4b4a-93e4-5f571e91255a","Graph"
"5b3b270a-b9ad-46e7-9bbb-a866897c4dc7","Azure Portal RP","f8cdef31-a31e-4b4a-93e4-5f571e91255a","Graph"
"e97edbaf-39b2-4546-ba61-0a24e1bef890","Teams EHR Connector","f8cdef31-a31e-4b4a-93e4-5f571e91255a","Graph"
"e29b5c86-b9ab-4a86-9a20-d10842007599","SharePoint Framework Azure AD Helper","f8cdef31-a31e-4b4a-93e4-5f571e91255a","Graph"
"b4ca0290-4e73-4e31-ade0-c82ecfaabf6a","Azure DNS Managed Resolver","f8cdef31-a31e-4b4a-93e4-5f571e91255a","Graph"
"022907d3-0f1b-48f7-badc-1ba6abab6d66","Azure SQL Database","f8cdef31-a31e-4b4a-93e4-5f571e91255a","Graph"
"f5aeb603-2a64-4f37-b9a8-b544f3542865","Microsoft Teams RetentionHook Service","f8cdef31-a31e-4b4a-93e4-5f571e91255a","Graph"
"a8b6bf88-1d1a-4626-b040-9a729ea93c65","Compute Artifacts Publishing Service","f8cdef31-a31e-4b4a-93e4-5f571e91255a","Graph"
"a25dbca8-4e60-48e5-80a2-0664fdb5c9b6","Microsoft.MileIQ","f8cdef31-a31e-4b4a-93e4-5f571e91255a","Graph"
"c4288165-6698-45ba-98a5-48ea7791fed3","Azure Service Connector Resource Provider","f8cdef31-a31e-4b4a-93e4-5f571e91255a","Graph"
"95de633a-083e-42f5-b444-a4295d8e9314","Microsoft Whiteboard Services","f8cdef31-a31e-4b4a-93e4-5f571e91255a","Graph"
"d29a4c00-4966-492a-84dd-47e779578fb7","Discovery Service","f8cdef31-a31e-4b4a-93e4-5f571e91255a","Graph"
"546068c3-99b1-4890-8e93-c8aeadcfe56a","Common Data Service - Azure Data Lake Storage","f8cdef31-a31e-4b4a-93e4-5f571e91255a","Graph"
"8a753eec-59bc-4c6a-be91-6bf7bfe0bcdf","Teams Application Gateway","f8cdef31-a31e-4b4a-93e4-5f571e91255a","Graph"
"b8d56525-1fd0-4121-a640-e0ede64f74b5","M365CommunicationCompliance","f8cdef31-a31e-4b4a-93e4-5f571e91255a","Graph"
"6d32b7f8-782e-43e0-ac47-aaad9f4eb839","Permission Service O365","f8cdef31-a31e-4b4a-93e4-5f571e91255a","Graph"
"0000000a-0000-0000-c000-000000000000","Microsoft Intune","f8cdef31-a31e-4b4a-93e4-5f571e91255a","Graph"
"79d7fb34-4bef-4417-8184-ff713af7a679","Azure Bastion","f8cdef31-a31e-4b4a-93e4-5f571e91255a","Graph"
"709110f7-976e-4284-8851-b537e9bcb187","Microsoft Device Management Enrollment","f8cdef31-a31e-4b4a-93e4-5f571e91255a","Graph"
"2cfc91a4-7baa-4a8f-a6c9-5f3d279060b8","Azure Application Change Service","f8cdef31-a31e-4b4a-93e4-5f571e91255a","Graph"
"996def3d-b36c-4153-8607-a6fd3c01b89f","Dynamics 365 Business Central","f8cdef31-a31e-4b4a-93e4-5f571e91255a","Graph"
"1b912ec3-a9dd-4c4d-a53e-76aa7adb28d7","AADReporting","f8cdef31-a31e-4b4a-93e4-5f571e91255a","Graph"
"abfa0a7c-a6b6-4736-8310-5855508787cd","Microsoft Azure App Service","f8cdef31-a31e-4b4a-93e4-5f571e91255a","Graph"
"5a807f24-c9de-44ee-a3a7-329e88a00ffc","Messaging Bot API Application","f8cdef31-a31e-4b4a-93e4-5f571e91255a","Graph"
"2c9e12e5-a56c-4ba1-b768-7a141586c6fe","Viva Learning","f8cdef31-a31e-4b4a-93e4-5f571e91255a","Graph"
"3734c1a4-2bed-4998-a37a-ff1a9e7bf019","Microsoft Azure Container Apps - Data Plane","f8cdef31-a31e-4b4a-93e4-5f571e91255a","Graph"
"c505e273-0ba0-47e7-a0bd-f48042b4524d","AzureBackup_WBCM_Service","f8cdef31-a31e-4b4a-93e4-5f571e91255a","Graph"
"c161e42e-d4df-4a3d-9b42-e7a3c31f59d4","Microsoft Intune API","f8cdef31-a31e-4b4a-93e4-5f571e91255a","Graph"
"b46c3ac5-9da6-418f-a849-0a07a10b3c6c","Cloud Infrastructure Entitlement Management","f8cdef31-a31e-4b4a-93e4-5f571e91255a","Graph"
"6b5b3617-ba00-46f6-8770-1849282a189a","Microsoft Defender For Cloud","f8cdef31-a31e-4b4a-93e4-5f571e91255a","Graph"
"1fe0d6b3-81f0-4cf5-9dfd-fbb297d7848c","Microsoft Insider Risk Management","f8cdef31-a31e-4b4a-93e4-5f571e91255a","Graph"
"c9224372-5534-42cb-a48b-8db4f4a3892e","MS Teams Griffin Assistant","f8cdef31-a31e-4b4a-93e4-5f571e91255a","Graph"
"12743ff8-d3de-49d0-a4ce-6c91a4245ea0","Metrics Monitor API","f8cdef31-a31e-4b4a-93e4-5f571e91255a","Graph"
"6d057c82-a784-47ae-8d12-ca7b38cf06b4","AzureVirtualNetworkManager","f8cdef31-a31e-4b4a-93e4-5f571e91255a","Graph"
"3b2fa68d-a091-48c9-95be-88d572e08fb7","AzureBackupReporting","f8cdef31-a31e-4b4a-93e4-5f571e91255a","Graph"
"b8066b99-6e67-41be-abfa-75db1a2c8809","Microsoft Intune IW Service","f8cdef31-a31e-4b4a-93e4-5f571e91255a","Graph"
"11c174dc-1945-4a9a-a36b-c79a0f246b9b","Azure Monitor System","f8cdef31-a31e-4b4a-93e4-5f571e91255a","Graph"
"a4a365df-50f1-4397-bc59-1a1564b8bb9c","Microsoft Remote Desktop","f8cdef31-a31e-4b4a-93e4-5f571e91255a","Graph"
"3aa5c166-136f-40eb-9066-33ac63099211","O365 Customer Monitoring","f8cdef31-a31e-4b4a-93e4-5f571e91255a","Graph"
"0517ffae-825d-4aff-999e-3f2336b8a20a","M365 App Management Service","f8cdef31-a31e-4b4a-93e4-5f571e91255a","Graph"
"6da466b6-1d13-4a2c-97bd-51a99e8d4d74","Exchange Office Graph Client for AAD - Interactive","f8cdef31-a31e-4b4a-93e4-5f571e91255a","Graph"
"5e5e43d4-54da-4211-86a4-c6e7f3715801","Azure Regional Service Manager","f8cdef31-a31e-4b4a-93e4-5f571e91255a","Graph"
"1fec8e78-bce4-4aaf-ab1b-5451cc387264","Microsoft Teams","f8cdef31-a31e-4b4a-93e4-5f571e91255a","Graph"
"0c708d37-30b2-4f22-8168-5d0cba6f37be","Microsoft Teams Partner Tenant Administration ","f8cdef31-a31e-4b4a-93e4-5f571e91255a","Graph"
"562db366-1b96-45d2-aa4a-f2148cef2240","Diagnostic Services Trusted Storage Access","f8cdef31-a31e-4b4a-93e4-5f571e91255a","Graph"
"04687a56-4fc2-4e36-b274-b862fb649733","MDATPNetworkScanAgent","f8cdef31-a31e-4b4a-93e4-5f571e91255a","Graph"
"7e468355-e4db-46a9-8289-8d414c89c43c","Federated Profile Service","f8cdef31-a31e-4b4a-93e4-5f571e91255a","Graph"
"61a63147-3824-45f5-a186-ace3f4c9daeb","MsgDataMgmt","f8cdef31-a31e-4b4a-93e4-5f571e91255a","Graph"
"2ddfbe71-ed12-4123-b99b-d5fc8a062a79","Microsoft Teams Admin Portal Service","f8cdef31-a31e-4b4a-93e4-5f571e91255a","Graph"
"e08ab642-962a-4175-913c-165f557d799a","teams contacts griffin processor","f8cdef31-a31e-4b4a-93e4-5f571e91255a","Graph"
"601d4e27-7bb3-4dee-8199-90d47d527e1c","Office Change Management","f8cdef31-a31e-4b4a-93e4-5f571e91255a","Graph"
"6e02f8e9-db9b-4eb5-aa5a-7c8968375f68","Microsoft Azure Vnet Verifier","f8cdef31-a31e-4b4a-93e4-5f571e91255a","Graph"
"644c1b11-f63f-45fa-826b-a9d2801db711","CompliancePolicy","f8cdef31-a31e-4b4a-93e4-5f571e91255a","Graph"
"d8877f27-09c0-43aa-8113-40151dae8b14","Microsoft Intune AndroidSync","f8cdef31-a31e-4b4a-93e4-5f571e91255a","Graph"
"0a5f63c0-b750-4f38-a71c-4fc0d58b89e2","Microsoft Mobile Application Management","f8cdef31-a31e-4b4a-93e4-5f571e91255a","Graph"
"486c78bf-a0f7-45f1-92fd-37215929e116","GatewayRP","f8cdef31-a31e-4b4a-93e4-5f571e91255a","Graph"
"8b3391f4-af01-4ee8-b4ea-9871b2499735","O365 Secure Score","f8cdef31-a31e-4b4a-93e4-5f571e91255a","Graph"
"c6871074-3ded-4935-a5dc-b8f8d91d7d06","ISV Portal","f8cdef31-a31e-4b4a-93e4-5f571e91255a","Graph"
"2f3f02c9-5679-4a5c-a605-0de55b07d135","Office 365 Information Protection","f8cdef31-a31e-4b4a-93e4-5f571e91255a","Graph"
"934d626a-1ead-4a36-a77d-12ec63b87a0d","Microsoft Rights Management Services Default","f8cdef31-a31e-4b4a-93e4-5f571e91255a","Graph"
"a6aa9161-5291-40bb-8c5c-923b567bee3b","Storage Resource Provider","f8cdef31-a31e-4b4a-93e4-5f571e91255a","Graph"
"c606301c-f764-4e6b-aa45-7caaaea93c9a","Office Store","f8cdef31-a31e-4b4a-93e4-5f571e91255a","Graph"
"3eb95cef-b10f-46fe-94e0-969a3d4c9292","Office 365 Import Service","f8cdef31-a31e-4b4a-93e4-5f571e91255a","Graph"
"d05a94d3-4ebf-4d16-a4b5-c5157fe79490","Prod-AzureSustainability","f8cdef31-a31e-4b4a-93e4-5f571e91255a","Graph"
"e0ccf59d-5a20-4a87-a122-f42842cdb86a","Microsoft Defender for Cloud Scanner Resource Provider","f8cdef31-a31e-4b4a-93e4-5f571e91255a","Graph"
"58c746b0-a0b0-4647-a8f6-12dde5981638","Azure AD Identity Governance Insights","f8cdef31-a31e-4b4a-93e4-5f571e91255a","Graph"
"6bccf540-eb86-4037-af03-7fa058c2db75","Geneva Alert RP","f8cdef31-a31e-4b4a-93e4-5f571e91255a","Graph"
"6f7d0213-62b1-43a8-b7f4-ff2bb8b7b452","Dual-write","f8cdef31-a31e-4b4a-93e4-5f571e91255a","Graph"
"e935b4a5-8968-416d-8414-caed51c782a9","MicrosoftGuestConfiguration","f8cdef31-a31e-4b4a-93e4-5f571e91255a","Graph"
"bf26f092-3426-4a99-abfb-97dad74e661a","Azure AD Identity Governance","f8cdef31-a31e-4b4a-93e4-5f571e91255a","Graph"
"b8340c3b-9267-498f-b21a-15d5547fd85e","Hyper-V Recovery Manager","f8cdef31-a31e-4b4a-93e4-5f571e91255a","Graph"
"00000014-0000-0000-c000-000000000000","Microsoft.Azure.SyncFabric","f8cdef31-a31e-4b4a-93e4-5f571e91255a","Graph"
"00000003-0000-0000-c000-000000000000","Microsoft Graph","f8cdef31-a31e-4b4a-93e4-5f571e91255a","Graph"
"db040338-7cb4-44df-a22b-785bde7ce0e2","RPA - Machine Management Relay Service - Application","f8cdef31-a31e-4b4a-93e4-5f571e91255a","Graph"
"40775b29-2688-46b6-a3b5-b256bd04df9f","Microsoft Information Protection API","f8cdef31-a31e-4b4a-93e4-5f571e91255a","Graph"
"dcad865d-9257-4521-ad4d-bae3e137b345","Microsoft SharePoint Online - SharePoint Home","f8cdef31-a31e-4b4a-93e4-5f571e91255a","Graph"
"8bbf8725-b3ca-4468-a217-7c8da873186e","DeploymentScheduler","f8cdef31-a31e-4b4a-93e4-5f571e91255a","Graph"
"5dc48733-b5df-475c-a49b-fa307ef00853","Internet resources with Global Secure Access","f8cdef31-a31e-4b4a-93e4-5f571e91255a","Graph"
"f8f7a2aa-e116-4ba6-8aea-ca162cfa310d","Microsoft Graph Connectors Core","f8cdef31-a31e-4b4a-93e4-5f571e91255a","Graph"
"161a339d-b9f5-41c5-8856-6a6669acac64","Microsoft Azure Alerts Management","f8cdef31-a31e-4b4a-93e4-5f571e91255a","Graph"
"9ee7b58d-f9db-45bc-ad7b-c2b97bbc3337","Defender Experts for XDR","f8cdef31-a31e-4b4a-93e4-5f571e91255a","Graph"
"b51a99a9-ccaa-4687-aa2c-44d1558295f4","Microsoft Exact Data Match Upload Agent","f8cdef31-a31e-4b4a-93e4-5f571e91255a","Graph"
"c495cfdc-814f-46a1-89f0-657921c9fbe0","Azure AD Identity Governance - Dynamics 365 Management","f8cdef31-a31e-4b4a-93e4-5f571e91255a","Graph"
"9cd0f7df-8b1a-4e54-8c0c-0ef3a51116f6","DirectoryLookupService","f8cdef31-a31e-4b4a-93e4-5f571e91255a","Graph"
"00000012-0000-0000-c000-000000000000","Microsoft Rights Management Services","f8cdef31-a31e-4b4a-93e4-5f571e91255a","Graph"
"00000003-0000-0ff1-ce00-000000000000","Office 365 SharePoint Online","f8cdef31-a31e-4b4a-93e4-5f571e91255a","Graph"
"797f4846-ba00-4fd7-ba43-dac1f8f63013","Azure Resource Manager","f8cdef31-a31e-4b4a-93e4-5f571e91255a","Graph"
"b503eb83-1222-4dcc-b116-b98ed5216e05","Azure Notification Service","f8cdef31-a31e-4b4a-93e4-5f571e91255a","Graph"
"40c49ff3-c6ae-436d-b28e-b8e268841980","Microsoft Azure Network Copilot","f8cdef31-a31e-4b4a-93e4-5f571e91255a","Graph"
"8d3a7d3c-c034-4f19-a2ef-8412952a9671","Microsoft Office Licensing Service","f8cdef31-a31e-4b4a-93e4-5f571e91255a","Graph"
"65c8bd9e-caac-4816-be98-0692f41191bc","People Profile Event Proxy","f8cdef31-a31e-4b4a-93e4-5f571e91255a","Graph"
"a47591ab-e23e-4ffa-9e1b-809b9067e726","Microsoft Teams User Profile Search Service","f8cdef31-a31e-4b4a-93e4-5f571e91255a","Graph"
"56823b05-67d8-413a-b6ab-ad19d7710cf2","Microsoft Defender for APIs Resource Provider","f8cdef31-a31e-4b4a-93e4-5f571e91255a","Graph"
"3db474b9-6a0c-4840-96ac-1fceb342124f","Verifiable Credentials Service Request","f8cdef31-a31e-4b4a-93e4-5f571e91255a","Graph"
"ccf4d8df-75ce-4107-8ea5-7afd618d4d8a","Microsoft Intune AAD BitLocker Recovery Key Integration","f8cdef31-a31e-4b4a-93e4-5f571e91255a","Graph"
"d88a361a-d488-4271-a13f-a83df7dd99c2","IDML Graph Resolver Service and CAD","f8cdef31-a31e-4b4a-93e4-5f571e91255a","Graph"
"8ae6a0b1-a07f-4ec9-927a-afb8d39da81c","Microsoft Device Management EMM API","f8cdef31-a31e-4b4a-93e4-5f571e91255a","Graph"
"47ee738b-3f1a-4fc7-ab11-37e4822b007e","Azure AD Application Proxy","f8cdef31-a31e-4b4a-93e4-5f571e91255a","Graph"
"1341df96-0b28-43da-ba24-7a6ce39be816","Azure Managed HSM RP","f8cdef31-a31e-4b4a-93e4-5f571e91255a","Graph"
"ac6dbf5e-1087-4434-beb2-0ebf7bd1b883","Microsoft Defender for Cloud Apps - Customer Experience","f8cdef31-a31e-4b4a-93e4-5f571e91255a","Graph"
"509e4652-da8d-478d-a730-e9d4a1996ca4","Azure Resource Graph","f8cdef31-a31e-4b4a-93e4-5f571e91255a","Graph"
"6f82282e-0070-4e78-bc23-e6320c5fa7de","Microsoft Discovery Service","f8cdef31-a31e-4b4a-93e4-5f571e91255a","Graph"
"870c4f2e-85b6-4d43-bdda-6ed9a579b725","Microsoft Information Protection Sync Service","f8cdef31-a31e-4b4a-93e4-5f571e91255a","Graph"
"1c2909a7-6432-4263-a70d-929a3c1f9ee5","Common Data Service License Management","f8cdef31-a31e-4b4a-93e4-5f571e91255a","Graph"
"de17788e-c765-4d31-aba4-fb837cfff174","Skype for Business Management Reporting and Analytics - Legacy","f8cdef31-a31e-4b4a-93e4-5f571e91255a","Graph"
"b1379a75-ce5e-4fa3-80c6-89bb39bf646c","Microsoft Teams Chat Aggregator","f8cdef31-a31e-4b4a-93e4-5f571e91255a","Graph"
"4c4f550b-42b2-4a16-93f9-fdb9e01bb6ed","Targeted Messaging Service","f8cdef31-a31e-4b4a-93e4-5f571e91255a","Graph"
"5da7367f-09c8-493e-8fd4-638089cddec3","CABProvisioning","f8cdef31-a31e-4b4a-93e4-5f571e91255a","Graph"
"00edd498-7c0c-4e68-859c-5a55d518c9c0","Teams CMD Services and Data","f8cdef31-a31e-4b4a-93e4-5f571e91255a","Graph"
"7df0a125-d3be-4c96-aa54-591f83ff541c","Microsoft Flow Service","f8cdef31-a31e-4b4a-93e4-5f571e91255a","Graph"
"8909aac3-be91-470c-8a0b-ff09d669af91","Microsoft Parature Dynamics CRM","f8cdef31-a31e-4b4a-93e4-5f571e91255a","Graph"
"4580fd1d-e5a3-4f56-9ad1-aab0e3bf8f76","Call Recorder","f8cdef31-a31e-4b4a-93e4-5f571e91255a","Graph"
"6a8b4b39-c021-437c-b060-5a14a3fd65f3","Verifiable Credentials Service Admin","f8cdef31-a31e-4b4a-93e4-5f571e91255a","Graph"
"15689b28-1333-4213-bb64-38407dde8a5e","Microsoft Azure","f8cdef31-a31e-4b4a-93e4-5f571e91255a","Graph"
"61f9e166-f678-4342-bfd3-b49781ce7a0a","Teams Policy Notification Processor Service","f8cdef31-a31e-4b4a-93e4-5f571e91255a","Graph"
"f9d02341-e7aa-456d-926d-4a0ca599fbee","Office 365 Enterprise Insights","f8cdef31-a31e-4b4a-93e4-5f571e91255a","Graph"
"d9ce8cfa-8bd8-4ff1-b39b-5e5dd5742935","Omnichannel for CS CRM ClientApp Primary","f8cdef31-a31e-4b4a-93e4-5f571e91255a","Graph"
"3603eff4-9141-41d5-ba8f-02fb3a439cd6","Diagnostic Services Data Access","f8cdef31-a31e-4b4a-93e4-5f571e91255a","Graph"
"cc15fd57-2c6c-4117-a88c-83b1d56b4bbe","Microsoft Teams Services","f8cdef31-a31e-4b4a-93e4-5f571e91255a","Graph"
"de096ee1-dae7-4ee1-8dd5-d88ccc473815","MileIQ Admin Center","f8cdef31-a31e-4b4a-93e4-5f571e91255a","Graph"
"51b5e278-ed7e-42c6-8787-7ff93e92f577","Narada Notification Service","f8cdef31-a31e-4b4a-93e4-5f571e91255a","Graph"
"09abbdfd-ed23-44ee-a2d9-a627aa1c90f3","ProjectWorkManagement","f8cdef31-a31e-4b4a-93e4-5f571e91255a","Graph"
"b97b6bd4-a49f-4a0c-af18-af507d1da76c","Office Shredding Service","f8cdef31-a31e-4b4a-93e4-5f571e91255a","Graph"
"8fca0a66-c008-4564-a876-ab3ae0fd5cff","Microsoft.SMIT","f8cdef31-a31e-4b4a-93e4-5f571e91255a","Graph"
"8bea2130-23a1-4c09-acfb-637a9fb7c157","M365 Pillar Diagnostics Service API","f8cdef31-a31e-4b4a-93e4-5f571e91255a","Graph"
"78e7bc61-0fab-4d35-8387-09a8d2f5a59d","Yggdrasil","f8cdef31-a31e-4b4a-93e4-5f571e91255a","Graph"
"8cae6e77-e04e-42ce-b5cb-50d82bce26b1","Microsoft Policy Insights Provider Data Plane","f8cdef31-a31e-4b4a-93e4-5f571e91255a","Graph"
"bb2a2e3a-c5e7-4f0a-88e0-8e01fd3fc1f4","CPIM Service","f8cdef31-a31e-4b4a-93e4-5f571e91255a","Graph"
"55bdc56c-2b15-4538-aa37-d0c008c8c430","IC3 Gateway TestClone","f8cdef31-a31e-4b4a-93e4-5f571e91255a","Graph"
"1e70cd27-4707-4589-8ec5-9bd20c472a46","Skype Presence Service","f8cdef31-a31e-4b4a-93e4-5f571e91255a","Graph"
"035f9e1d-4f00-4419-bf50-bf2d87eb4878","Azure Monitor Restricted","f8cdef31-a31e-4b4a-93e4-5f571e91255a","Graph"
"a0be0c72-870e-46f0-9c49-c98333a996f7","AzureDnsFrontendApp","f8cdef31-a31e-4b4a-93e4-5f571e91255a","Graph"
"87749df4-7ccf-48f8-aa87-704bad0e0e16","Microsoft Teams - Device Admin Agent","f8cdef31-a31e-4b4a-93e4-5f571e91255a","Graph"
"14452459-6fa6-4ec0-bc50-1528a1a06bf0","Intune CMDeviceService","f8cdef31-a31e-4b4a-93e4-5f571e91255a","Graph"
"cbfda01c-c883-45aa-aedc-e7a484615620","Microsoft Windows AutoPilot Service API","f8cdef31-a31e-4b4a-93e4-5f571e91255a","Graph"
"b20d0d3a-dc90-485b-ad11-6031e769e221","SalesInsightsWebApp","f8cdef31-a31e-4b4a-93e4-5f571e91255a","Graph"
"7b58f833-4438-494c-a724-234928795a67","Directory and Policy Cache","f8cdef31-a31e-4b4a-93e4-5f571e91255a","Graph"
"a68e1e61-ad4f-45b6-897d-0a1ea8786345","Office365 Shell WCSS-Server Default","f8cdef31-a31e-4b4a-93e4-5f571e91255a","Graph"
"5861f7fb-5582-4c1a-83c0-fc5ffdb531a6","Azure RBAC Data Plane","f8cdef31-a31e-4b4a-93e4-5f571e91255a","Graph"
"74bcdadc-2fdc-4bb3-8459-76d06952a0e9","Microsoft Intune Web Company Portal","f8cdef31-a31e-4b4a-93e4-5f571e91255a","Graph"
"7cd684f4-8a78-49b0-91ec-6a35d38739ba","Azure Logic Apps","f8cdef31-a31e-4b4a-93e4-5f571e91255a","Graph"
"6f0478d5-61a3-4897-a2f2-de09a5a90c7f","WindowsUpdate-Service","f8cdef31-a31e-4b4a-93e4-5f571e91255a","Graph"
"f448d7e5-e313-4f90-a3eb-5dbb3277e4b3","Media Recording for Dynamics 365 Sales","f8cdef31-a31e-4b4a-93e4-5f571e91255a","Graph"
"1609d3a1-0db2-4818-b854-fe1614f0718a","Azure Edge Zones storage","f8cdef31-a31e-4b4a-93e4-5f571e91255a","Graph"
"11cd3e2e-fccb-42ad-ad00-878b93575e07","Automated Call Distribution","f8cdef31-a31e-4b4a-93e4-5f571e91255a","Graph"
"f7069a8d-9edc-4300-b365-ae53c9627fc4","Microsoft.MileIQ.Dashboard","f8cdef31-a31e-4b4a-93e4-5f571e91255a","Graph"
"ceecbdd6-288c-4be9-8445-74f139e5db19","SQLDBControlPlaneFirstPartyApp","f8cdef31-a31e-4b4a-93e4-5f571e91255a","Graph"
"6204c1d1-4712-4c46-a7d9-3ed63d992682","Microsoft Flow Portal","f8cdef31-a31e-4b4a-93e4-5f571e91255a","Graph"
"39e6ea5b-4aa4-4df2-808b-b6b5fb8ada6f","Dynamics Provision","f8cdef31-a31e-4b4a-93e4-5f571e91255a","Graph"
"b9a92e36-2cf8-4f4e-bcb3-9d99e00e14ab","Compute Recommendation Service","f8cdef31-a31e-4b4a-93e4-5f571e91255a","Graph"
"6ea8091b-151d-447a-9013-6845b83ba57b","AD Hybrid Health","f8cdef31-a31e-4b4a-93e4-5f571e91255a","Graph"
"b6b84568-6c01-4981-a80f-09da9a20bbed","Microsoft Invoicing","f8cdef31-a31e-4b4a-93e4-5f571e91255a","Graph"
"441509e5-a165-4363-8ee7-bcf0b7d26739","DWEngineV2","f8cdef31-a31e-4b4a-93e4-5f571e91255a","Graph"
"cb4dc29f-0bf4-402a-8b30-7511498ed654","Power BI Premium","f8cdef31-a31e-4b4a-93e4-5f571e91255a","Graph"
"3c31d730-a768-4286-a972-43e9b83601cd","Demeter.WorkerRole","f8cdef31-a31e-4b4a-93e4-5f571e91255a","Graph"
"2634dd23-5e5a-431c-81ca-11710d9079f4","Microsoft Stream Service","f8cdef31-a31e-4b4a-93e4-5f571e91255a","Graph"
"fbb0ac1a-82dd-478b-a0e5-0b2b98ef38fe","Substrate-FileWatcher","f8cdef31-a31e-4b4a-93e4-5f571e91255a","Graph"
"262044b1-e2ce-469f-a196-69ab7ada62d3","Backup Management Service","f8cdef31-a31e-4b4a-93e4-5f571e91255a","Graph"
"2cf9eb86-36b5-49dc-86ae-9a63135dfa8c","Azure Traffic Manager and DNS","f8cdef31-a31e-4b4a-93e4-5f571e91255a","Graph"
"bf4fa6bf-d24c-4d1c-8cfd-12063dd646b2","AADPremiumService","f8cdef31-a31e-4b4a-93e4-5f571e91255a","Graph"
"0000000b-0000-0000-c000-000000000000","Microsoft Seller Dashboard","f8cdef31-a31e-4b4a-93e4-5f571e91255a","Graph"
"982bda36-4632-4165-a46a-9863b1bbcf7d","O365 Demeter","f8cdef31-a31e-4b4a-93e4-5f571e91255a","Graph"
"aa580612-c342-4ace-9055-8edee43ccb89","Microsoft Teams Shifts","f8cdef31-a31e-4b4a-93e4-5f571e91255a","Graph"
"81172f0f-5d81-47c7-96f6-49c58b60d192","Microsoft Defender for Cloud MultiCloud Onboarding","f8cdef31-a31e-4b4a-93e4-5f571e91255a","Graph"
"93625bc8-bfe2-437a-97e0-3d0060024faa","Microsoft password reset service","f8cdef31-a31e-4b4a-93e4-5f571e91255a","Graph"
"d7097cd1-c779-44d0-8c71-ab1f8386a97e","Microsoft Office Licensing Service Agents","f8cdef31-a31e-4b4a-93e4-5f571e91255a","Graph"
"bd93b475-f9e2-476e-963d-b2daf143ffb9","SQLVMResourceProviderAuth","f8cdef31-a31e-4b4a-93e4-5f571e91255a","Graph"
"c830ddb0-63e6-4f22-bd71-2ad47198a23e","Microsoft To-Do","f8cdef31-a31e-4b4a-93e4-5f571e91255a","Graph"
"3af5adde-460d-4bc1-ada0-fc648af8fefb","ChatMigrationService1P","f8cdef31-a31e-4b4a-93e4-5f571e91255a","Graph"
"c92229fa-e4e7-47fc-81a8-01386459c021","Common Data Service User Management","f8cdef31-a31e-4b4a-93e4-5f571e91255a","Graph"
"7b7531ad-5926-4f2d-8a1d-38495ad33e17","Azure Advanced Threat Protection","f8cdef31-a31e-4b4a-93e4-5f571e91255a","Graph"
"cf6c77f8-914f-4078-baef-e39a5181158b","Microsoft Teams Settings Store","f8cdef31-a31e-4b4a-93e4-5f571e91255a","Graph"
"184909ca-69f1-4368-a6a7-c558ee6eb0bd","Marketplace Caps API","f8cdef31-a31e-4b4a-93e4-5f571e91255a","Graph"
"aad3e70f-aa64-4fde-82aa-c9d97a4501dc","RPA - Machine Management Relay Service","f8cdef31-a31e-4b4a-93e4-5f571e91255a","Graph"
"ab158d9a-0b5c-4cc3-bb2b-f6646581e4e4","CAP Neptune Prod CM Prod ","f8cdef31-a31e-4b4a-93e4-5f571e91255a","Graph"
"00000002-0000-0000-c000-000000000000","Windows Azure Active Directory","f8cdef31-a31e-4b4a-93e4-5f571e91255a","Graph"
"3bc2296e-aa22-4ed2-9e1e-946d05afa6a2","SharePoint Online Web Client Extensibility Isolated","f8cdef31-a31e-4b4a-93e4-5f571e91255a","Graph"
"f3b07414-6bf4-46e6-b63f-56941f3f4128","Microsoft Power Query","f8cdef31-a31e-4b4a-93e4-5f571e91255a","Graph"
"2d4d3d8e-2be3-4bef-9f87-7875a61c29de","OneNote","f8cdef31-a31e-4b4a-93e4-5f571e91255a","Graph"
"341b7f3d-69b3-47f9-9ce7-5b7f4945fdbd","Azure Support - Network Watcher","f8cdef31-a31e-4b4a-93e4-5f571e91255a","Graph"
"18f36947-75b0-49fb-8d1c-29584a55cac5","Reply-At-Mention","f8cdef31-a31e-4b4a-93e4-5f571e91255a","Graph"
"33be1cef-03fb-444b-8fd3-08ca1b4d803f","OneDrive Web","f8cdef31-a31e-4b4a-93e4-5f571e91255a","Graph"
"7e3bc4fd-85a3-4192-b177-5b8bfc87f42c","Microsoft Azure Container Apps - Control Plane","f8cdef31-a31e-4b4a-93e4-5f571e91255a","Graph"
"167e2ded-f32d-49f5-8a10-308b921bc7ee","OCaaS Worker Services","f8cdef31-a31e-4b4a-93e4-5f571e91255a","Graph"
"75efb5bc-18a1-4e7b-8a66-2ad2503d79c6","Microsoft Teams Retail Service","f8cdef31-a31e-4b4a-93e4-5f571e91255a","Graph"
"331cc017-5973-4173-b270-f0042fddfd75","Power Apps API","f8cdef31-a31e-4b4a-93e4-5f571e91255a","Graph"
"ec245c98-4a90-40c2-955a-88b727d97151","Azure AD Identity Governance - Directory Management","f8cdef31-a31e-4b4a-93e4-5f571e91255a","Graph"
"48af08dc-f6d2-435f-b2a7-069abd99c086","Connectors","f8cdef31-a31e-4b4a-93e4-5f571e91255a","Graph"
"9bdab391-7bbe-42e8-8132-e4491dc29cc0","Azure Backup NRP Application","f8cdef31-a31e-4b4a-93e4-5f571e91255a","Graph"
"d0597157-f0ae-4e23-b06c-9e65de434c4f","Microsoft Teams Task Service","f8cdef31-a31e-4b4a-93e4-5f571e91255a","Graph"
"ce6ff14a-7fdc-4685-bbe0-f6afdfcfa8e0","Azure Linux VM Sign-In","f8cdef31-a31e-4b4a-93e4-5f571e91255a","Graph"
"a855a166-fd92-4c76-b60d-a791e0762432","Microsoft Teams VSTS","f8cdef31-a31e-4b4a-93e4-5f571e91255a","Graph"
"660d4be7-2665-497f-9611-a42c2668dbce","Microsoft Fluid Framework Preview","f8cdef31-a31e-4b4a-93e4-5f571e91255a","Graph"
"06dd8193-75af-46d0-84bb-9b9bcaa89e8b","SubstrateActionsService","f8cdef31-a31e-4b4a-93e4-5f571e91255a","Graph"
"9d06afd9-66c9-49a6-b385-ea7509332b0b","O365SBRM Service","f8cdef31-a31e-4b4a-93e4-5f571e91255a","Graph"
"64f79cb9-9c82-4199-b85b-77e35b7dcbcb","Microsoft Teams Bots","f8cdef31-a31e-4b4a-93e4-5f571e91255a","Graph"
"9b06ebd4-9068-486b-bdd2-dac26b8a5a7a","Microsoft.DynamicsMarketing","f8cdef31-a31e-4b4a-93e4-5f571e91255a","Graph"
"98db8bd6-0cc0-4e67-9de5-f187f1cd1b41","Microsoft Substrate Management","f8cdef31-a31e-4b4a-93e4-5f571e91255a","Graph"
"00000001-0000-0000-c000-000000000000","Azure ESTS Service","f8cdef31-a31e-4b4a-93e4-5f571e91255a","Graph"
"1a4b5304-a0fd-4017-8a3d-466fc083b73e","MSATenantRestrictions","f8cdef31-a31e-4b4a-93e4-5f571e91255a","Graph"
"e807d0e2-91da-40d6-8cee-e33c91a0b051","PROD Microsoft Defender For Cloud Athena","f8cdef31-a31e-4b4a-93e4-5f571e91255a","Graph"
"80dbdb39-4f33-4799-8b6f-711b5e3e61b6","Billing RP","f8cdef31-a31e-4b4a-93e4-5f571e91255a","Graph"
"0fa37baf-7afc-4baf-ab2d-d5bb891d53ef","Microsoft Teams ATP Service","f8cdef31-a31e-4b4a-93e4-5f571e91255a","Graph"
"959678cf-d004-4c22-82a6-d2ce549a58b8","Microsoft_Azure_Support","f8cdef31-a31e-4b4a-93e4-5f571e91255a","Graph"
"fc75330b-179d-49af-87dd-3b1acf6827fa","AzureAutomation","f8cdef31-a31e-4b4a-93e4-5f571e91255a","Graph"
"997dc448-eeab-4c93-8811-6b2c80196a16","CCM TAGS","f8cdef31-a31e-4b4a-93e4-5f571e91255a","Graph"
"37182072-3c9c-4f6a-a4b3-b3f91cacffce","AzureSupportCenter","f8cdef31-a31e-4b4a-93e4-5f571e91255a","Graph"
"972bb84a-1d27-4bd3-8306-6b8e57679e8c","Microsoft Defender for Cloud Apps - APIs","f8cdef31-a31e-4b4a-93e4-5f571e91255a","Graph"
"e1335bb1-2aec-4f92-8140-0e6e61ae77e5","CIWebService","f8cdef31-a31e-4b4a-93e4-5f571e91255a","Graph"
"8b62382d-110e-4db8-83a6-c7e8ee84296a","PowerAI","f8cdef31-a31e-4b4a-93e4-5f571e91255a","Graph"
"c98e5057-edde-4666-b301-186a01b4dc58","MicrosoftEndpointDLP","f8cdef31-a31e-4b4a-93e4-5f571e91255a","Graph"
"9bb724a5-4639-438c-969b-e184b2b1e264","KaizalaActionsPlatform","f8cdef31-a31e-4b4a-93e4-5f571e91255a","Graph"
"bb2a64ee-5d29-4b07-a491-25806dc854d3","Verifiable Credentials Service","f8cdef31-a31e-4b4a-93e4-5f571e91255a","Graph"
"0eb4bf93-cb63-4fe1-9d7d-70632ccf3082","Microsoft Teams Intelligent Workspaces Interactions Service","f8cdef31-a31e-4b4a-93e4-5f571e91255a","Graph"
"fbb123dc-fe45-41fe-ad9f-e42ab0769328","policy enforcer","f8cdef31-a31e-4b4a-93e4-5f571e91255a","Graph"
"00000005-0000-0000-c000-000000000000","Microsoft Azure Workflow","f8cdef31-a31e-4b4a-93e4-5f571e91255a","Graph"
"81473081-50b9-469a-b9d8-303109583ecb","Cortana Runtime Service","f8cdef31-a31e-4b4a-93e4-5f571e91255a","Graph"
"6b3368c6-61d2-4a72-854c-42d1c4e71fed","Azure Cost Management Scheduled Actions","f8cdef31-a31e-4b4a-93e4-5f571e91255a","Graph"
"3957683c-3a48-4a6c-8706-a6e2d6883b02","Omnichannel for CS Provisioning App Primary","f8cdef31-a31e-4b4a-93e4-5f571e91255a","Graph"
"396e7f4b-41ea-4851-b04d-65de6cf1b4a3","Azure AD Identity Governance - SPO Management","f8cdef31-a31e-4b4a-93e4-5f571e91255a","Graph"
"0cd196ee-71bf-4fd6-a57c-b491ffd4fb1e","Media Analysis and Transformation Service","f8cdef31-a31e-4b4a-93e4-5f571e91255a","Graph"
"6872b314-67ab-4a16-98e7-a663b0f772c3","Office365 Shell SS-Server Default","f8cdef31-a31e-4b4a-93e4-5f571e91255a","Graph"
"e8bdeda8-b4a3-4eed-b307-5e2456238a77","Office365 Shell SS-Server","f8cdef31-a31e-4b4a-93e4-5f571e91255a","Graph"
"b861dbcc-a7ef-4219-a005-0e4de4ea7dcf","Data Export Service for Microsoft Dynamics 365","f8cdef31-a31e-4b4a-93e4-5f571e91255a","Graph"
"19b21e10-1304-498b-92d4-4290e94999fa","Deprecated - CAS API Security RP Staging","f8cdef31-a31e-4b4a-93e4-5f571e91255a","Graph"
"f25a7567-8ec5-4582-8a65-bfd66b0530cc","ReportReplica","f8cdef31-a31e-4b4a-93e4-5f571e91255a","Graph"
"789e8929-0390-42a2-8934-0f9dafb8ec89","Exchange Rbac","f8cdef31-a31e-4b4a-93e4-5f571e91255a","Graph"
"0c7668b5-3260-4ad0-9f53-34ed54fa19b2","Microsoft Defender for Cloud Servers Scanner Resource Provider","f8cdef31-a31e-4b4a-93e4-5f571e91255a","Graph"
"66244124-575c-4284-92bc-fdd00e669cea","IAMTenantCrawler","f8cdef31-a31e-4b4a-93e4-5f571e91255a","Graph"
"2a486b53-dbd2-49c0-a2bc-278bdfc30833","Cortana at Work Service","f8cdef31-a31e-4b4a-93e4-5f571e91255a","Graph"
"0000000c-0000-0000-c000-000000000000","Microsoft App Access Panel","f8cdef31-a31e-4b4a-93e4-5f571e91255a","Graph"
"5d661950-3475-41cd-a2c3-d671a3162bc1","Microsoft Outlook","f8cdef31-a31e-4b4a-93e4-5f571e91255a","Graph"
"55441455-2f54-42b5-bc99-93e21cd4ae28","Office Enterprise Protection Service","f8cdef31-a31e-4b4a-93e4-5f571e91255a","Graph"
"c44b4083-3bb0-49c1-b47d-974e53cbdf3c","Azure Portal","f8cdef31-a31e-4b4a-93e4-5f571e91255a","Graph"
"3f6aecb4-6dbf-4e45-9141-440abdced562","PROD Microsoft Defender For Cloud XDR","f8cdef31-a31e-4b4a-93e4-5f571e91255a","Graph"
"939fe80f-2eef-464f-b0cf-705d254a2cf2","Power Query Online GCC-L2","f8cdef31-a31e-4b4a-93e4-5f571e91255a","Graph"
"1e2ca66a-c176-45ea-a877-e87f7231e0ee","Microsoft B2B Admin Worker","f8cdef31-a31e-4b4a-93e4-5f571e91255a","Graph"
"60e6cd67-9c8c-4951-9b3c-23c25a2169af","Managed Disks Resource Provider","f8cdef31-a31e-4b4a-93e4-5f571e91255a","Graph"
"5b20c633-9a48-4a5f-95f6-dae91879051f","Azure Information Protection","f8cdef31-a31e-4b4a-93e4-5f571e91255a","Graph"
"0cb7b9ec-5336-483b-bc31-b15b5788de71","ASM Campaign Servicing","f8cdef31-a31e-4b4a-93e4-5f571e91255a","Graph"
"6a0a243c-0886-468a-a4c2-eff52c7445da","Application Insights Configuration Service","f8cdef31-a31e-4b4a-93e4-5f571e91255a","Graph"
"1a14be2a-e903-4cec-99cf-b2e209259a0f","Azure Lab Services","f8cdef31-a31e-4b4a-93e4-5f571e91255a","Graph"
"98c8388a-4e86-424f-a176-d1288462816f","Recommended","f8cdef31-a31e-4b4a-93e4-5f571e91255a","Graph"
"fd14a986-6fe4-409a-883e-cdec1009cd54","Intune Grouping and Targeting Client Prod","f8cdef31-a31e-4b4a-93e4-5f571e91255a","Graph"
"9c60a40b-b5c5-4d01-8588-776209c80db3","Search Federation Connector - Dataverse","f8cdef31-a31e-4b4a-93e4-5f571e91255a","Graph"
"4bfd5d66-9285-44a1-bb14-14953e8cdf5e","Audit GraphAPI Application","f8cdef31-a31e-4b4a-93e4-5f571e91255a","Graph"
"b4bddae8-ab25-483e-8670-df09b9f1d0ea","Signup","f8cdef31-a31e-4b4a-93e4-5f571e91255a","Graph"
"cdccd920-384b-4a25-897d-75161a4b74c1","Skype Teams Firehose","f8cdef31-a31e-4b4a-93e4-5f571e91255a","Graph"
"0fc12b9a-5463-4b87-8f10-765fecb39990","SQL Copilot PPE","f8cdef31-a31e-4b4a-93e4-5f571e91255a","Graph"
"aeb86249-8ea3-49e2-900b-54cc8e308f85","M365 License Manager","f8cdef31-a31e-4b4a-93e4-5f571e91255a","Graph"
"e8ab36af-d4be-4833-a38b-4d6cf1cfd525","Microsoft Social Engagement","f8cdef31-a31e-4b4a-93e4-5f571e91255a","Graph"
"342f61e2-a864-4c50-87de-86abc6790d49","Power Platform Policy Services CM - PROD","f8cdef31-a31e-4b4a-93e4-5f571e91255a","Graph"
"65d91a3d-ab74-42e6-8a2f-0add61688c74","Microsoft Approval Management","f8cdef31-a31e-4b4a-93e4-5f571e91255a","Graph"
"c39c9bac-9d1f-4dfb-aa29-27f6365e5cb7","Azure Advisor","f8cdef31-a31e-4b4a-93e4-5f571e91255a","Graph"
"df09ff61-2178-45d8-888c-4210c1c7b0b2","O365 UAP Processor","f8cdef31-a31e-4b4a-93e4-5f571e91255a","Graph"
"e92b9b37-1b47-4c01-9fbc-91d84450870e","All private resources with Global Secure Access","f8cdef31-a31e-4b4a-93e4-5f571e91255a","Graph"
"f3a218b7-5c8f-460b-93af-56b072788c15","Microsoft Workplace Search Service","f8cdef31-a31e-4b4a-93e4-5f571e91255a","Graph"
"a0551534-cfc9-4e1f-9a7a-65093b32bb38","AzureLockbox","f8cdef31-a31e-4b4a-93e4-5f571e91255a","Graph"
"dee7ba80-6a55-4f3b-a86c-746a9231ae49","Microsoft AppPlat EMA","f8cdef31-a31e-4b4a-93e4-5f571e91255a","Graph"
"925eb0d0-da50-4604-a19f-bd8de9147958","Groupies Web Service","f8cdef31-a31e-4b4a-93e4-5f571e91255a","Graph"
"794ded15-70c6-4bcd-a0bb-9b7ad530a01a","Microsoft Intune Advanced Threat Protection Integration","f8cdef31-a31e-4b4a-93e4-5f571e91255a","Graph"
"b15f3d14-f6d1-4c0d-93da-d4136c97f006","Azure Storage Insights Resource Provider","f8cdef31-a31e-4b4a-93e4-5f571e91255a","Graph"
"c5b17a4f-cc6f-4649-9480-684280a2af3a","aciapi","f8cdef31-a31e-4b4a-93e4-5f571e91255a","Graph"
"e406a681-f3d4-42a8-90b6-c2b029497af1","Azure Storage","f8cdef31-a31e-4b4a-93e4-5f571e91255a","Graph"
"23c898c1-f7e8-41da-9501-f16571f8d097","OCPS Checkin Service","f8cdef31-a31e-4b4a-93e4-5f571e91255a","Graph"
"39aaf054-81a5-48c7-a4f8-0293012095b9","IC3 Gateway","f8cdef31-a31e-4b4a-93e4-5f571e91255a","Graph"
"08e18876-6177-487e-b8b5-cf950c1e598c","SharePoint Online Web Client Extensibility","f8cdef31-a31e-4b4a-93e4-5f571e91255a","Graph"
"93bd1aa4-c66b-4587-838c-ffc3174b5f13","Power Platform Global Discovery Service","f8cdef31-a31e-4b4a-93e4-5f571e91255a","Graph"
"9e133cac-5238-4d1e-aaa0-d8ff4ca23f4e","Conferencing Virtual Assistant","f8cdef31-a31e-4b4a-93e4-5f571e91255a","Graph"
"bf9fc203-c1ff-4fd4-878b-323642e462ec","Microsoft Commerce Accounts Service","f8cdef31-a31e-4b4a-93e4-5f571e91255a","Graph"
"1efb1569-5fd6-4938-8b8d-9f3aa07c658d","Microsoft Defender for Cloud for AI","f8cdef31-a31e-4b4a-93e4-5f571e91255a","Graph"
"0000001a-0000-0000-c000-000000000000","MicrosoftAzureActiveAuthn","f8cdef31-a31e-4b4a-93e4-5f571e91255a","Graph"
"e933bd07-d2ee-4f1d-933c-3752b819567b","Azure Monitor Control Service","f8cdef31-a31e-4b4a-93e4-5f571e91255a","Graph"
"57084ef3-d413-4087-a28f-f6f3b1ad7786","Branch Connect Web Service","f8cdef31-a31e-4b4a-93e4-5f571e91255a","Graph"
"6b11041d-54a2-4c4f-96a2-6053efe46d8b","HoloLens Camera Roll Upload","f8cdef31-a31e-4b4a-93e4-5f571e91255a","Graph"
"3edcf11f-df80-41b2-a5e4-7e213cca30d1","Azure Application Change Service","f8cdef31-a31e-4b4a-93e4-5f571e91255a","Graph"
"2e49aa60-1bd3-43b6-8ab6-03ada3d9f08b","Dynamics Data Integration","f8cdef31-a31e-4b4a-93e4-5f571e91255a","Graph"
"913c6de4-2a4a-4a61-a9ce-945d2b2ce2e0","Dynamics Lifecycle services","f8cdef31-a31e-4b4a-93e4-5f571e91255a","Graph"
"8ee8fdad-f234-4243-8f3b-15c294843740","Microsoft Threat Protection","f8cdef31-a31e-4b4a-93e4-5f571e91255a","Graph"
"45a330b1-b1ec-4cc1-9161-9f03992aa49f","Windows Store for Business","f8cdef31-a31e-4b4a-93e4-5f571e91255a","Graph"
"0130cc9f-7ac5-4026-bd5f-80a08a54e6d9","Azure Data Warehouse Polybase","f8cdef31-a31e-4b4a-93e4-5f571e91255a","Graph"
"166f1b03-5b19-416f-a94b-1d7aa2d247dc","Office Hive","f8cdef31-a31e-4b4a-93e4-5f571e91255a","Graph"
"b692184e-b47f-4706-b352-84b288d2d9ee","Microsoft.MileIQ.RESTService","f8cdef31-a31e-4b4a-93e4-5f571e91255a","Graph"
"394866fc-eedb-4f01-8536-3ff84b16be2a","Microsoft People Cards Service","f8cdef31-a31e-4b4a-93e4-5f571e91255a","Graph"
"981f26a1-7f43-403b-a875-f8b09b8cd720","Azure Multi-Factor Auth Client","f8cdef31-a31e-4b4a-93e4-5f571e91255a","Graph"
"a3dfc3c6-2c7d-4f42-aeec-b2877f9bce97","Microsoft Azure AD Identity Protection","f8cdef31-a31e-4b4a-93e4-5f571e91255a","Graph"
"19947cfd-0303-466c-ac3c-fcc19a7a1570","Azure DNS","f8cdef31-a31e-4b4a-93e4-5f571e91255a","Graph"
"9ea1ad79-fdb6-4f9a-8bc3-2b70f96e34c7","Bing","f8cdef31-a31e-4b4a-93e4-5f571e91255a","Graph"
"6208afad-753e-4995-bbe1-1dfd204b3030","Teams ACL management service","f8cdef31-a31e-4b4a-93e4-5f571e91255a","Graph"
"66a88757-258c-4c72-893c-3e8bed4d6899","Office 365 Search Service","f8cdef31-a31e-4b4a-93e4-5f571e91255a","Graph"
"e3583ad2-c781-4224-9b91-ad15a8179ba0","Microsoft.ExtensibleRealUserMonitoring","f8cdef31-a31e-4b4a-93e4-5f571e91255a","Graph"
"589d5083-6f11-4d30-a62a-a4b316a14abf","Azure Key Vault Managed HSM","f8cdef31-a31e-4b4a-93e4-5f571e91255a","Graph"
"44a02aaa-7145-4925-9dcd-79e6e1b94eff","Microsoft Dynamics 365 Apps Integration","f8cdef31-a31e-4b4a-93e4-5f571e91255a","Graph"
"d2a0a418-0aac-4541-82b2-b3142c89da77","Microsoft Operations Management Suite","f8cdef31-a31e-4b4a-93e4-5f571e91255a","Graph"
"6b91db1b-f05b-405a-a0b2-e3f60b28d645","M365 Admin Services","f8cdef31-a31e-4b4a-93e4-5f571e91255a","Graph"
"a4c1cdb3-88ab-4d13-bc99-1c46106f0727","Marketplace Reviews","f8cdef31-a31e-4b4a-93e4-5f571e91255a","Graph"
"e1979c22-8b73-4aed-a4da-572cc4d0b832","App Studio for Microsoft Teams","f8cdef31-a31e-4b4a-93e4-5f571e91255a","Graph"
"ba23cd2a-306c-48f2-9d62-d3ecd372dfe4","DecomOfficeGraph","f8cdef31-a31e-4b4a-93e4-5f571e91255a","Graph"
"05a65629-4c1b-48c1-a78b-804c4abdd4af","Microsoft Cloud App Security","f8cdef31-a31e-4b4a-93e4-5f571e91255a","Graph"
"c9299480-c13a-49db-a7ae-cdfe54fe0313","PowerApps-Advisor","f8cdef31-a31e-4b4a-93e4-5f571e91255a","Graph"
"ab27a73e-a3ba-4e43-8360-8bcc717114d8","Microsoft.OfficeModernCalendar","f8cdef31-a31e-4b4a-93e4-5f571e91255a","Graph"
"0469d4cd-df37-4d93-8a61-f8c75b809164","Policy Administration Service","f8cdef31-a31e-4b4a-93e4-5f571e91255a","Graph"
"0bf30f3b-4a52-48df-9a82-234910c4a086","Microsoft Graph Change Tracking","f8cdef31-a31e-4b4a-93e4-5f571e91255a","Graph"
"76cd24bf-a9fc-4344-b1dc-908275de6d6d","Azure SQL Virtual Network to Network Resource Provider","f8cdef31-a31e-4b4a-93e4-5f571e91255a","Graph"
"01fc33a7-78ba-4d2f-a4b7-768e336e890e","MS-PIM","f8cdef31-a31e-4b4a-93e4-5f571e91255a","Graph"
"fc03f97a-9db0-4627-a216-ec98ce54e018","Azure AD Notification","f8cdef31-a31e-4b4a-93e4-5f571e91255a","Graph"
"1f5530b3-261a-47a9-b357-ded261e17918","Azure Multi-Factor Auth Connector","f8cdef31-a31e-4b4a-93e4-5f571e91255a","Graph"
"60ca1954-583c-4d1f-86de-39d835f3e452","Microsoft Defender for Identity","f8cdef31-a31e-4b4a-93e4-5f571e91255a","Graph"
"8e14e873-35ba-4720-b787-0bed94370b17","Microsoft Teams Targeting Application","f8cdef31-a31e-4b4a-93e4-5f571e91255a","Graph"
"8edd93e1-2103-40b4-bd70-6e34e586362d","Windows Azure Security Resource Provider","f8cdef31-a31e-4b4a-93e4-5f571e91255a","Graph"
"5e3ce6c0-2b1f-4285-8d4b-75ee78787346","Microsoft Teams Web Client","f8cdef31-a31e-4b4a-93e4-5f571e91255a","Graph"
"76c7f279-7959-468f-8943-3954880e0d8c","Azure SQL Managed Instance to Microsoft.Network","f8cdef31-a31e-4b4a-93e4-5f571e91255a","Graph"
"38808189-fa7a-4d8a-807f-eba01edacca6","AzNet Security Guard","f8cdef31-a31e-4b4a-93e4-5f571e91255a","Graph"
"00695ed2-3202-4156-8da1-69f60065e255","Microsoft Visio Data Visualizer","f8cdef31-a31e-4b4a-93e4-5f571e91255a","Graph"
"4747d38e-36c5-4bc3-979b-b0ef74df54d1","PushChannel","f8cdef31-a31e-4b4a-93e4-5f571e91255a","Graph"
"ef947699-9b52-4b31-9a37-ef325c6ffc47","Power Query Online GCC-L4","f8cdef31-a31e-4b4a-93e4-5f571e91255a","Graph"
"60b2e7d5-a27f-426d-a6b1-acced0846fdf","Microsoft Azure IPAM","f8cdef31-a31e-4b4a-93e4-5f571e91255a","Graph"
"fc780465-2017-40d4-a0c5-307022471b92","WindowsDefenderATP","f8cdef31-a31e-4b4a-93e4-5f571e91255a","Graph"
"ea890292-c8c8-4433-b5ea-b09d0668e1a6","Azure Credential Configuration Endpoint Service","f8cdef31-a31e-4b4a-93e4-5f571e91255a","Graph"
"26a18ebc-cdf7-4a6a-91cb-beb352805e81","Skype Teams Calling API Service","f8cdef31-a31e-4b4a-93e4-5f571e91255a","Graph"
"27b24f1f-688b-4661-9594-0fdfde972edc","Skype Business Voice Directory","f8cdef31-a31e-4b4a-93e4-5f571e91255a","Graph"
"0f54b75d-4d29-4a92-80ae-106a60cd8f5d","Teams User Engagement Profile Service","f8cdef31-a31e-4b4a-93e4-5f571e91255a","Graph"
"99335b6b-7d9d-4216-8dee-883b26e0ccf7","Power Platform Dataflows Common Data Service Client","f8cdef31-a31e-4b4a-93e4-5f571e91255a","Graph"
"7f0d9978-eb2a-4974-88bd-f22a3006fe17","Intune DiagnosticService","f8cdef31-a31e-4b4a-93e4-5f571e91255a","Graph"
"080765e3-9336-4461-b934-310acccb907d","Defender for Storage Advanced Threat Protection Resource Provider","f8cdef31-a31e-4b4a-93e4-5f571e91255a","Graph"
"18a4ad1e-427c-4cad-8416-ef674e801d32","Intune DeviceActionService","f8cdef31-a31e-4b4a-93e4-5f571e91255a","Graph"
"aa813f0e-407a-459d-93af-805f2bf10f33","Substrate Conversation Intelligence Service","f8cdef31-a31e-4b4a-93e4-5f571e91255a","Graph"
"d66e9e8e-53a4-420c-866d-5bb39aaea675","networkcopilotRP","f8cdef31-a31e-4b4a-93e4-5f571e91255a","Graph"
"a1bfe852-bf44-4da0-a9c1-37af2d5e6df9","Microsoft Graph Bicep Extension","f8cdef31-a31e-4b4a-93e4-5f571e91255a","Graph"
"0d38933a-0bbd-41ca-9ebd-28c4b5ba7cb7","Office365 Zoom","f8cdef31-a31e-4b4a-93e4-5f571e91255a","Graph"
"88884730-8181-4d82-9ce2-7d5a7cc7b81e","SharePoint Notification Service","f8cdef31-a31e-4b4a-93e4-5f571e91255a","Graph"
"d4ebce55-015a-49b5-a083-c84d1797ae8c","Microsoft Intune Enrollment","f8cdef31-a31e-4b4a-93e4-5f571e91255a","Graph"
"810dcf14-1858-4bf2-8134-4c369fa3235b","Azure AD Identity Governance - Entitlement Management","f8cdef31-a31e-4b4a-93e4-5f571e91255a","Graph"
"e95d8bee-4725-4f59-910d-94d415da51b9","Skype for Business Name Dictionary Service","f8cdef31-a31e-4b4a-93e4-5f571e91255a","Graph"
"f53895d3-095d-408f-8e93-8f94b391404e","Portfolios","f8cdef31-a31e-4b4a-93e4-5f571e91255a","Graph"
"26a4ae64-5862-427f-a9b0-044e62572a4f","Microsoft Intune Checkin","f8cdef31-a31e-4b4a-93e4-5f571e91255a","Graph"
"c9a559d2-7aab-4f13-a6ed-e7e9c52aec87","Microsoft Forms","f8cdef31-a31e-4b4a-93e4-5f571e91255a","Graph"
"461e8683-5575-4561-ac7f-899cc907d62a","Azns AAD Webhook","f8cdef31-a31e-4b4a-93e4-5f571e91255a","Graph"
"6e99704e-62d5-40f6-b2fe-90aafbe3a710","OCaaS Experience Management Service","f8cdef31-a31e-4b4a-93e4-5f571e91255a","Graph"
"04b07795-8ddb-461a-bbee-02f9e1bf7b46","Microsoft Azure CLI","f8cdef31-a31e-4b4a-93e4-5f571e91255a","Graph"
"96ff4394-9197-43aa-b393-6a41652e21f8","Power Virtual Agents ","f8cdef31-a31e-4b4a-93e4-5f571e91255a","Graph"
"0000001b-0000-0000-c000-000000000000","Microsoft Power BI Information Service","f8cdef31-a31e-4b4a-93e4-5f571e91255a","Graph"
"cb250467-fc8f-4c42-8349-9ff9e9a17b02","Deprecated - CAS API Security RP Dev","f8cdef31-a31e-4b4a-93e4-5f571e91255a","Graph"
"823dfde0-1b9a-415a-a35a-1ad34e16dd44","Microsoft Teams Wiki Images Migration","f8cdef31-a31e-4b4a-93e4-5f571e91255a","Graph"
"7f15f9d9-cad0-44f1-bbba-d36650e07765","Azure Synapse Link for Dataverse","f8cdef31-a31e-4b4a-93e4-5f571e91255a","Graph"
"6e2cffc9-52e7-4bfa-8155-be5c1dacd81c","Microsoft Defender for Cloud Defender Kubernetes Agent","f8cdef31-a31e-4b4a-93e4-5f571e91255a","Graph"
"d52792f4-ba38-424d-8140-ada5b883f293","AAD Terms Of Use","f8cdef31-a31e-4b4a-93e4-5f571e91255a","Graph"
"0a0a29f9-0a25-49c7-94bf-c53c3f8fa69d","Cortana Experience with O365","f8cdef31-a31e-4b4a-93e4-5f571e91255a","Graph"
"3af5a1e8-2459-45cb-8683-bcd6cccbcc13","Azure Smart Alerts","f8cdef31-a31e-4b4a-93e4-5f571e91255a","Graph"
"2087bd82-7206-4c0a-b305-1321a39e5926","Microsoft To-Do","f8cdef31-a31e-4b4a-93e4-5f571e91255a","Graph"
"0f698dd4-f011-4d23-a33e-b36416dcb1e6","OfficeClientService","f8cdef31-a31e-4b4a-93e4-5f571e91255a","Graph"
"00000009-0000-0000-c000-000000000000","Power BI Service","f8cdef31-a31e-4b4a-93e4-5f571e91255a","Graph"
"0e282aa8-2770-4b6c-8cf8-fac26e9ebe1f","Sherlock","f8cdef31-a31e-4b4a-93e4-5f571e91255a","Graph"
"c5393580-f805-4401-95e8-94b7a6ef2fc2","Office 365 Management APIs","f8cdef31-a31e-4b4a-93e4-5f571e91255a","Graph"
"f6b60513-f290-450e-a2f3-9930de61c5e7","Microsoft Azure Log Search Alerts","f8cdef31-a31e-4b4a-93e4-5f571e91255a","Graph"
"7ae5462d-d9d1-42f6-93ca-198d7b0ca997","Microsoft O365 Scuba","f8cdef31-a31e-4b4a-93e4-5f571e91255a","Graph"
"637fcc9f-4a9b-4aaa-8713-a2a3cfda1505","Dynamics CRM Online Administration","f8cdef31-a31e-4b4a-93e4-5f571e91255a","Graph"
"c08f52c9-8f03-4558-a0ea-9a4c878cf343","Microsoft apps with Global Secure Access","f8cdef31-a31e-4b4a-93e4-5f571e91255a","Graph"
"8c59ead7-d703-4a27-9e55-c96a0054c8d2","My Profile","f8cdef31-a31e-4b4a-93e4-5f571e91255a","Graph"
"00000007-0000-0ff1-ce00-000000000000","Microsoft Exchange Online Protection","f8cdef31-a31e-4b4a-93e4-5f571e91255a","Graph"
"2793995e-0a7d-40d7-bd35-6968ba142197","My Apps","f8cdef31-a31e-4b4a-93e4-5f571e91255a","Graph"
"94c63fef-13a3-47bc-8074-75af8c65887a","Office Delve","f8cdef31-a31e-4b4a-93e4-5f571e91255a","Graph"
"75513c96-801d-4559-830a-6754de13dd19","M365 Label Analytics","f8cdef31-a31e-4b4a-93e4-5f571e91255a","Graph"
"4c8f074c-e32b-4ba7-b072-0f39d71daf51","IPSubstrate","f8cdef31-a31e-4b4a-93e4-5f571e91255a","Graph"
"d73f4b35-55c9-48c7-8b10-651f6f2acb2e","MCAPI Authorization Prod","f8cdef31-a31e-4b4a-93e4-5f571e91255a","Graph"
"2220bbc4-4518-4fef-aac6-c6f32e9f9fd1","Customer Experience Platform PROD","f8cdef31-a31e-4b4a-93e4-5f571e91255a","Graph"
"80ccca67-54bd-44ab-8625-4b79c4dc7775","Microsoft 365 Security and Compliance Center","f8cdef31-a31e-4b4a-93e4-5f571e91255a","Graph"
"dbc36ae1-c097-4df9-8d94-343c3d091a76","Service Encryption","f8cdef31-a31e-4b4a-93e4-5f571e91255a","Graph"
"71234da4-b92f-429d-b8ec-6e62652e50d7","Microsoft Customer Engagement Portal","f8cdef31-a31e-4b4a-93e4-5f571e91255a","Graph"
"62b732f7-fc71-40bc-b27d-35efcb0509de","Microsoft Teams AadSync","f8cdef31-a31e-4b4a-93e4-5f571e91255a","Graph"
"00000008-0000-0000-c000-000000000000","Microsoft.Azure.DataMarket","f8cdef31-a31e-4b4a-93e4-5f571e91255a","Graph"
"bb8f18b0-9c38-48c9-a847-e1ef3af0602d","Microsoft.Azure.ActiveDirectoryIUX","f8cdef31-a31e-4b4a-93e4-5f571e91255a","Graph"
"1cda9b54-9852-4a5a-96d4-c2ab174f9edf","O365Account","f8cdef31-a31e-4b4a-93e4-5f571e91255a","Graph"
"c4b110d7-6f1d-473d-aa9e-6e74b8b8bd4b","Microsoft Assessment React","72f988bf-86f1-41af-91ab-2d7cd011db47","Graph"
"cc7b0696-1956-408b-876a-ad6bf2b9890b","Reset Viral Users Redemption Status","72f988bf-86f1-41af-91ab-2d7cd011db47","Graph"
"62f85080-9912-4a16-b0be-aff63ee2eeea","Zero Trust Assessment TBD","72f988bf-86f1-41af-91ab-2d7cd011db47","Graph"
"a1cffbc6-1cb3-44e4-a1d2-cee9cce700f1","","72f988bf-86f1-41af-91ab-2d7cd011db47","Graph"
"68bc31c0-f891-4f4c-9309-c6104f7be41b","Azure AD Assessment","72f988bf-86f1-41af-91ab-2d7cd011db47","Graph"
"be58d912-b9d5-41a0-8b56-779409e017b8","Zero Trust Assessment - Dev","72f988bf-86f1-41af-91ab-2d7cd011db47","Graph"
"de8bc8b5-d9f9-48b1-a8ad-b748da725064","Graph Explorer","72f988bf-86f1-41af-91ab-2d7cd011db47","Graph"
"0ec2d138-5a70-4a33-b2c7-7d296c996ace","","72f988bf-86f1-41af-91ab-2d7cd011db47","Graph"
"df2798fc-2aed-4c3a-98ae-1776949480c4","Zero Trust Assessment","72f988bf-86f1-41af-91ab-2d7cd011db47","Graph"
"14d82eec-204b-4c2f-b7e8-296a70dab67e","Microsoft Graph Command Line Tools","cdc5aeea-15c5-4db6-b079-fcadd2505dc2","Graph"
"23523755-3a2b-41ca-9315-f81f3f566a95","ACOM Azure Website","f8cdef31-a31e-4b4a-93e4-5f571e91255a","Learn"
"74658136-14ec-4630-ad9b-26e160ff0fc6","ADIbizaUX","f8cdef31-a31e-4b4a-93e4-5f571e91255a","Learn"
"69893ee3-dd10-4b1c-832d-4870354be3d8","AEM-DualAuth","f8cdef31-a31e-4b4a-93e4-5f571e91255a","Learn"
"7ab7862c-4c57-491e-8a45-d52a7e023983","App Service","f8cdef31-a31e-4b4a-93e4-5f571e91255a","Learn"
"e9f49c6b-5ce5-44c8-925d-015017e9f7ad","Azure Data Lake","f8cdef31-a31e-4b4a-93e4-5f571e91255a","Learn"
"835b2a73-6e10-4aa5-a979-21dfda45231c","Azure Lab Services Portal","f8cdef31-a31e-4b4a-93e4-5f571e91255a","Learn"
"20a11fe0-faa8-4df5-baf2-f965f8f9972e","ContactsInferencingEmailProcessor","f8cdef31-a31e-4b4a-93e4-5f571e91255a","Learn"
"e64aa8bc-8eb4-40e2-898b-cf261a25954f","CRM Power BI Integration","f8cdef31-a31e-4b4a-93e4-5f571e91255a","Learn"
"60c8bde5-3167-4f92-8fdb-059f6176dc0f","Enterprise Roaming and Backup","f8cdef31-a31e-4b4a-93e4-5f571e91255a","Learn"
"497effe9-df71-4043-a8bb-14cf78c4b63b","Exchange Admin Center","f8cdef31-a31e-4b4a-93e4-5f571e91255a","Learn"
"f5eaa862-7f08-448c-9c4e-f4047d4d4521","FindTime","f8cdef31-a31e-4b4a-93e4-5f571e91255a","Learn"
"b669c6ea-1adf-453f-b8bc-6d526592b419","Focused Inbox","f8cdef31-a31e-4b4a-93e4-5f571e91255a","Learn"
"c35cb2ba-f88b-4d15-aa9d-37bd443522e1","GroupsRemoteApiRestClient","f8cdef31-a31e-4b4a-93e4-5f571e91255a","Learn"
"d9b8ec3a-1e4e-4e08-b3c2-5baf00c0fcb0","HxService","f8cdef31-a31e-4b4a-93e4-5f571e91255a","Learn"
"16aeb910-ce68-41d1-9ac3-9e1673ac9575","IrisSelectionFrontDoor","f8cdef31-a31e-4b4a-93e4-5f571e91255a","Learn"
"ee272b19-4411-433f-8f28-5c13cb6fd407","Microsoft 365 Support Service","f8cdef31-a31e-4b4a-93e4-5f571e91255a","Learn"
"29d9ed98-a469-4536-ade2-f981bc1d605e","Microsoft Authentication Broker","f8cdef31-a31e-4b4a-93e4-5f571e91255a","Learn"
"1950a258-227b-4e31-a9cf-717495945fc2","Microsoft Azure PowerShell","f8cdef31-a31e-4b4a-93e4-5f571e91255a","Learn"
"cf36b471-5b44-428c-9ce7-313bf84528de","Microsoft Bing Search","f8cdef31-a31e-4b4a-93e4-5f571e91255a","Learn"
"2d7f3606-b07d-41d1-b9d2-0d0c9296a6e8","Microsoft Bing Search for Microsoft Edge","f8cdef31-a31e-4b4a-93e4-5f571e91255a","Learn"
"1786c5ed-9644-47b2-8aa0-7201292175b6","Microsoft Bing Default Search Engine","f8cdef31-a31e-4b4a-93e4-5f571e91255a","Learn"
"3090ab82-f1c1-4cdf-af2c-5d7a6f3e2cc7","Microsoft Defender for Cloud Apps","f8cdef31-a31e-4b4a-93e4-5f571e91255a","Learn"
"18fbca16-2224-45f6-85b0-f7bf2b39b3f3","Microsoft Docs","f8cdef31-a31e-4b4a-93e4-5f571e91255a","Learn"
"00000015-0000-0000-c000-000000000000","Microsoft Dynamics ERP","f8cdef31-a31e-4b4a-93e4-5f571e91255a","Learn"
"6253bca8-faf2-4587-8f2f-b056d80998a7","Microsoft Edge Insider Addons Prod","f8cdef31-a31e-4b4a-93e4-5f571e91255a","Learn"
"99b904fd-a1fe-455c-b86c-2f9fb1da7687","Microsoft Exchange ForwardSync","f8cdef31-a31e-4b4a-93e4-5f571e91255a","Learn"
"51be292c-a17e-4f17-9a7e-4b661fb16dd2","Microsoft Exchange ProtectedServiceHost","f8cdef31-a31e-4b4a-93e4-5f571e91255a","Learn"
"fb78d390-0c51-40cd-8e17-fdbfab77341b","Microsoft Exchange REST API Based Powershell","f8cdef31-a31e-4b4a-93e4-5f571e91255a","Learn"
"47629505-c2b6-4a80-adb1-9b3a3d233b7b","Microsoft Exchange Web Services","f8cdef31-a31e-4b4a-93e4-5f571e91255a","Learn"
"fc0f3af4-6835-4174-b806-f7db311fd2f3","Microsoft Intune Windows Agent","f8cdef31-a31e-4b4a-93e4-5f571e91255a","Learn"
"d3590ed6-52b3-4102-aeff-aad2292ab01c","Microsoft Office","f8cdef31-a31e-4b4a-93e4-5f571e91255a","Learn"
"d176f6e7-38e5-40c9-8a78-3998aab820e7","Microsoft Online Syndication Partner Portal","f8cdef31-a31e-4b4a-93e4-5f571e91255a","Learn"
"871c010f-5e61-4fb1-83ac-98610a7e9110","Microsoft Power BI","f8cdef31-a31e-4b4a-93e4-5f571e91255a","Learn"
"28b567f6-162c-4f54-99a0-6887f387bbcc","Microsoft Storefronts","f8cdef31-a31e-4b4a-93e4-5f571e91255a","Learn"
"fdf9885b-dd37-42bf-82e5-c3129ef5a302","Microsoft Support","f8cdef31-a31e-4b4a-93e4-5f571e91255a","Learn"
"dfe74da8-9279-44ec-8fb2-2aed9e1c73d0","O365 SkypeSpaces Ingestion Service","f8cdef31-a31e-4b4a-93e4-5f571e91255a","Learn"
"4345a7b9-9a63-4910-a426-35363201d503","O365 Suite UX","f8cdef31-a31e-4b4a-93e4-5f571e91255a","Learn"
"00b41c95-dab0-4487-9791-b9d2c32c80f2","Office 365 Management","f8cdef31-a31e-4b4a-93e4-5f571e91255a","Learn"
"93d53678-613d-4013-afc1-62e9e444a0a5","Office Online Add-in SSO","f8cdef31-a31e-4b4a-93e4-5f571e91255a","Learn"
"2abdc806-e091-4495-9b10-b04d93c3f040","Office Online Client Microsoft Entra ID- Augmentation Loop","f8cdef31-a31e-4b4a-93e4-5f571e91255a","Learn"
"b23dd4db-9142-4734-867f-3577f640ad0c","Office Online Client Microsoft Entra ID- Loki","f8cdef31-a31e-4b4a-93e4-5f571e91255a","Learn"
"17d5e35f-655b-4fb0-8ae6-86356e9a49f5","Office Online Client Microsoft Entra ID- Maker","f8cdef31-a31e-4b4a-93e4-5f571e91255a","Learn"
"b6e69c34-5f1f-4c34-8cdf-7fea120b8670","Office Online Client MSA- Loki","f8cdef31-a31e-4b4a-93e4-5f571e91255a","Learn"
"243c63a3-247d-41c5-9d83-7788c43f1c43","Office Online Core SSO","f8cdef31-a31e-4b4a-93e4-5f571e91255a","Learn"
"a9b49b65-0a12-430b-9540-c80b3332c127","Office Online Search","f8cdef31-a31e-4b4a-93e4-5f571e91255a","Learn"
"4b233688-031c-404b-9a80-a4f3f2351f90","Office.com","f8cdef31-a31e-4b4a-93e4-5f571e91255a","Learn"
"89bee1f7-5e6e-4d8a-9f3d-ecd601259da7","Office365 Shell WCSS-Client","f8cdef31-a31e-4b4a-93e4-5f571e91255a","Learn"
"4765445b-32c6-49b0-83e6-1d93765276ca","OfficeHome","f8cdef31-a31e-4b4a-93e4-5f571e91255a","Learn"
"4d5c2d63-cf83-4365-853c-925fd1a64357","OfficeShredderWacClient","f8cdef31-a31e-4b4a-93e4-5f571e91255a","Learn"
"62256cef-54c0-4cb4-bcac-4c67989bdc40","OMSOctopiPROD","f8cdef31-a31e-4b4a-93e4-5f571e91255a","Learn"
"ab9b8c07-8f02-4f72-87fa-80105867a763","OneDrive SyncEngine","f8cdef31-a31e-4b4a-93e4-5f571e91255a","Learn"
"27922004-5251-4030-b22d-91ecd9a37ea4","Outlook Mobile","f8cdef31-a31e-4b4a-93e4-5f571e91255a","Learn"
"a3475900-ccec-4a69-98f5-a65cd5dc5306","Partner Customer Delegated Admin Offline Processor","f8cdef31-a31e-4b4a-93e4-5f571e91255a","Learn"
"bdd48c81-3a58-4ea9-849c-ebea7f6b6360","Password Breach Authenticator","f8cdef31-a31e-4b4a-93e4-5f571e91255a","Learn"
"35d54a08-36c9-4847-9018-93934c62740c","PeoplePredictions","f8cdef31-a31e-4b4a-93e4-5f571e91255a","Learn"
"ae8e128e-080f-4086-b0e3-4c19301ada69","Scheduling","f8cdef31-a31e-4b4a-93e4-5f571e91255a","Learn"
"ffcb16e8-f789-467c-8ce9-f826a080d987","SharedWithMe","f8cdef31-a31e-4b4a-93e4-5f571e91255a","Learn"
"61109738-7d2b-4a0b-9fe3-660b1ff83505","SpoolsProvisioning","f8cdef31-a31e-4b4a-93e4-5f571e91255a","Learn"
"91ca2ca5-3b3e-41dd-ab65-809fa3dffffa","Sticky Notes API","f8cdef31-a31e-4b4a-93e4-5f571e91255a","Learn"
"13937bba-652e-4c46-b222-3003f4d1ff97","Substrate Context Service","f8cdef31-a31e-4b4a-93e4-5f571e91255a","Learn"
"26abc9a8-24f0-4b11-8234-e86ede698878","SubstrateDirectoryEventProcessor","f8cdef31-a31e-4b4a-93e4-5f571e91255a","Learn"
"a970bac6-63fe-4ec5-8884-8536862c42d4","Substrate Search Settings Management Service","f8cdef31-a31e-4b4a-93e4-5f571e91255a","Learn"
"97cb1f73-50df-47d1-8fb0-0271f2728514","Transcript Ingestion","f8cdef31-a31e-4b4a-93e4-5f571e91255a","Learn"
"268761a2-03f3-40df-8a8b-c3db24145b6b","Universal Store Native Client","f8cdef31-a31e-4b4a-93e4-5f571e91255a","Learn"
"3c896ded-22c5-450f-91f6-3d1ef0848f6e","WeveEngine","f8cdef31-a31e-4b4a-93e4-5f571e91255a","Learn"
"a3b79187-70b2-4139-83f9-6016c58cd27b","WindowsDefenderATP Portal","f8cdef31-a31e-4b4a-93e4-5f571e91255a","Learn"
"26a7ee05-5602-4d76-a7ba-eae8b7b67941","Windows Search","f8cdef31-a31e-4b4a-93e4-5f571e91255a","Learn"
"1b3c667f-cde3-4090-b60b-3d2abd0117f0","Windows Spotlight","f8cdef31-a31e-4b4a-93e4-5f571e91255a","Learn"
"c1c74fed-04c9-4704-80dc-9f79a2e515cb","Yammer Web","f8cdef31-a31e-4b4a-93e4-5f571e91255a","Learn"
"e1ef36fd-b883-4dbf-97f0-9ece4b576fc6","Yammer Web Embed","f8cdef31-a31e-4b4a-93e4-5f571e91255a","Learn"
"7ae974c5-1af7-4923-af3a-fb1fd14dcb7e","OutlookUserSettingsConsumer","72f988bf-86f1-41af-91ab-2d7cd011db47","Learn"
"5572c4c0-d078-44ce-b81c-6cbf8d3ed39e","Vortex [wsfed enabled]","72f988bf-86f1-41af-91ab-2d7cd011db47","Learn"
"fe93bfe1-7947-460a-a5e0-7a5906b51360","Exchange Online [Community Contributed]","","GitHub"
"a3883eba-fbe9-48bd-9ed3-dca3e0e84250","Exchange Online [Community Contributed]","","GitHub"
"d396de1f-10d4-4023-aae2-5bb3d724ba9a","Exchange Online [Community Contributed]","","GitHub"
"82d8ab62-be52-a567-14ea-1616c4ee06c4","Exchange Online [Community Contributed]","","GitHub"
"34421fbe-f100-4e5b-9c46-2fea25aa7b88","Exchange Online [Community Contributed]","","GitHub"
"1150aefc-07de-4228-b2b2-042a536703c0","Exchange Online [Community Contributed]","","GitHub"
"7eadcef8-456d-4611-9480-4fff72b8b9e2","Microsoft Account Controls V2 [Community Contributed]","","GitHub"
"d7d7af51-cdcd-4a4c-9467-86e7dc5d2b90","Office Online OWLNest [Community Contributed]","","GitHub"
"5a4eed13-c4c4-4b4c-9506-334ab200bf31","Office Online Search SSO [Community Contributed]","","GitHub"
"d7b530a4-7680-4c23-a8bf-c52c121d2e87","Microsoft Edge Enterprise New Tab Page [Community Contributed]","","GitHub"
"a81d90ac-aa75-4cf8-b14c-58bf348528fe","Microsoft Community v2 [Community Contributed]","","GitHub"
"19db86c3-b2b9-44cc-b339-36da233a3be2","My Signins [Community Contributed]","","GitHub"
"38aa3b87-a06d-4817-b275-7a316988d93b","Windows Sign In [Community Contributed]","","GitHub"
"ecd6b820-32c2-49b6-98a6-444530e5a77a","Microsoft Edge [Community Contributed]","","GitHub"
"3ce44149-e365-40e4-9bb4-8c0ecb710fe6","Office Online Print SSO [Community Contributed]","","GitHub"
"0e90d0b8-039a-4936-a6f4-d25dd510be5d","Message Recall [Community Contributed]","","GitHub"
"4813382a-8fa7-425e-ab75-3b753aab3abb","Microsoft Authenticator App [Community Contributed]","","GitHub"
"e8e8fc40-94d5-4ed6-89f2-9e5ec6c1e11e","MM_Reactions_PME_PROD [Community Contributed]","","GitHub"
"6f7e0f60-9401-4f5b-98e2-cf15bd5fd5e3","Microsoft Application Command Service [Community Contributed]","","GitHub"
"0ec893e0-5785-4de6-99da-4ed124e5296c","Office UWP PWA [Community Contributed]","","GitHub"
"9ba1a5c7-f17a-4de9-a1f1-6178c8d51223","Microsoft Intune Company Portal [Community Contributed]","","GitHub"
"cb1056e2-e479-49de-ae31-7812af012ed8","Microsoft Azure Active Directory Connect [Community Contributed]","","GitHub"
"a40d7d7d-59aa-447e-a655-679a4107e548","Accounts Control UI [Community Contributed]","","GitHub"
"b26aadf8-566f-4478-926f-589f601d9c74","OneDrive [Community Contributed]","","GitHub"
"de50c81f-5f80-4771-b66b-cebd28ccdfc1","Device Management Client [Community Contributed]","","GitHub"
"3e62f81e-590b-425b-9531-cad6683656cf","PowerApps - apps.powerapps.com [Community Contributed]","","GitHub"
"a8f7a65c-f5ba-4859-b2d6-df772c264e9d","make.powerapps.com [Community Contributed]","","GitHub"
"a672d62c-fc7b-4e81-a576-e60dc46e951d","Microsoft Power Query for Excel [Community Contributed]","","GitHub"
"7f67af8a-fedc-4b08-8b4e-37c4d127b6cf","Power BI Desktop [Community Contributed]","","GitHub"
"72782ba9-4490-4f03-8d82-562370ea3566","Office 365 [Community Contributed]","","GitHub"
"065d9450-1e87-434e-ac2f-69af271549ed","Power Platform Admin Center [Community Contributed]","","GitHub"
"62916641-fc48-44ae-a2a3-163811f1c945","Message Header Analyzer [Community Contributed]","","GitHub"
"9758a0e2-7861-440f-b467-1823144e5b65","FindTime [Community Contributed]","","GitHub"
"6046742c-3aee-485e-a4ac-92ab7199db2e","Report Message [Community Contributed]","","GitHub"
"6bf85cfa-ac8a-4be5-b5de-425a0d0dc016","Microsoft Entra AD Synchronization Service [Community Contributed]","f8cdef31-a31e-4b4a-93e4-5f571e91255a","GitHub"
"bb893c22-978d-4cd4-a6f7-bb6cc0d6e6ce","Olympus [Community Contributed]","","GitHub"
"9bc3ab49-b65d-410a-85ad-de819febfddc","Microsoft SharePoint Online Management Shell [Community Contributed]","","GitHub"
"04436913-cf0d-4d2a-9cc6-2ffe7f1d3d1c","Windows Notification Service [Community Contributed]","f8cdef31-a31e-4b4a-93e4-5f571e91255a","GitHub"
"0af06dc6-e4b5-4f28-818e-e78e62d137a5","Windows 365 [Community Contributed]","f8cdef31-a31e-4b4a-93e4-5f571e91255a","GitHub"
"0ef94e72-e4fc-4aa0-a8f4-ff27deb3e6eb","Teams NRT DLP Ingestion Service [Community Contributed]","f8cdef31-a31e-4b4a-93e4-5f571e91255a","GitHub"
"10214c11-ebd3-44e8-af2f-ebcb8a79c569","EOP Admin API Web Service [Community Contributed]","f8cdef31-a31e-4b4a-93e4-5f571e91255a","GitHub"
"12ff570a-8284-47ed-adb3-fcc72b594c36","Consumption Billing [Community Contributed]","f8cdef31-a31e-4b4a-93e4-5f571e91255a","GitHub"
"1303f293-64bd-48ba-89b0-6bf538bc67f3","Microsoft Teams IP Policy Service [Community Contributed]","f8cdef31-a31e-4b4a-93e4-5f571e91255a","GitHub"
"163b648b-025e-455b-9937-a7f39a65d171","SSO Extension Intune [Community Contributed]","f8cdef31-a31e-4b4a-93e4-5f571e91255a","GitHub"
"1690c5aa-925a-4d0e-836b-722c795bd0d0","Group Configuration Processor [Community Contributed]","f8cdef31-a31e-4b4a-93e4-5f571e91255a","GitHub"
"1762e607-063e-431a-a25a-f0f782acb73b","Virtual Connector Provider [Community Contributed]","f8cdef31-a31e-4b4a-93e4-5f571e91255a","GitHub"
"189cf920-d3d8-4133-9145-23adcc6824fa","IpLicensingService [Community Contributed]","f8cdef31-a31e-4b4a-93e4-5f571e91255a","GitHub"
"192644fe-6aac-4786-8d93-775a056aa1de","MIP Exchange Solutions - SPO [Community Contributed]","f8cdef31-a31e-4b4a-93e4-5f571e91255a","GitHub"
"19686ca6-5324-4571-a231-77e026b0e06f","Microsoft Command Service [Community Contributed]","f8cdef31-a31e-4b4a-93e4-5f571e91255a","GitHub"
"1b489150-9b00-413a-83fd-6ef8f05b6e28","Policy Processor [Community Contributed]","f8cdef31-a31e-4b4a-93e4-5f571e91255a","GitHub"
"1dcb1bc7-c721-498e-b2fa-bcddcea44171","Microsoft Azure Authorization Resource Provider [Community Contributed]","f8cdef31-a31e-4b4a-93e4-5f571e91255a","GitHub"
"20e940b3-4c77-4b0b-9a53-9e16a1b010a7","MarketplaceAPI ISV [Community Contributed]","f8cdef31-a31e-4b4a-93e4-5f571e91255a","GitHub"
"22d27567-b3f0-4dc2-9ec2-46ed368ba538","Reading Assignments [Community Contributed]","f8cdef31-a31e-4b4a-93e4-5f571e91255a","GitHub"
"2746ea77-4702-4b45-80ca-3c97e680e8b7","Azure Data Explorer [Community Contributed]","f8cdef31-a31e-4b4a-93e4-5f571e91255a","GitHub"
"2832473f-ec63-45fb-976f-5d45a7d4bb91","Partner Customer Delegated Administration [Community Contributed]","f8cdef31-a31e-4b4a-93e4-5f571e91255a","GitHub"
"2b479c68-8d9b-4e27-9d85-5d74803de734","Virtual Visits App [Community Contributed]","f8cdef31-a31e-4b4a-93e4-5f571e91255a","GitHub"
"2b5e68f0-bdc2-45b0-920a-217d5cbbd505","Power Platform Governance Services - TIRPS [Community Contributed]","f8cdef31-a31e-4b4a-93e4-5f571e91255a","GitHub"
"2b61b865-d0bd-4c60-9efa-6fa934eefaac","TrustedPublishersProxyService [Community Contributed]","f8cdef31-a31e-4b4a-93e4-5f571e91255a","GitHub"
"2b8844d8-6c87-4fce-97a0-fbec9006e140","AssistAPI [Community Contributed]","f8cdef31-a31e-4b4a-93e4-5f571e91255a","GitHub"
"2c220739-d44d-4bf7-ba5f-95cf9fb7f10c","MIP Exchange Solutions - Teams [Community Contributed]","f8cdef31-a31e-4b4a-93e4-5f571e91255a","GitHub"
"2f5afa01-cdcb-4707-a62a-0803cc994c60","MS-CE-CXG-MAC-AadShadowRoleWriter [Community Contributed]","f8cdef31-a31e-4b4a-93e4-5f571e91255a","GitHub"
"3157152d-b5ae-4606-a145-6c660069bc5e","Defender for IoT - Management [Community Contributed]","f8cdef31-a31e-4b4a-93e4-5f571e91255a","GitHub"
"319f651f-7ddb-4fc6-9857-7aef9250bd05","K8 Bridge [Community Contributed]","f8cdef31-a31e-4b4a-93e4-5f571e91255a","GitHub"
"31ba6d5c-2e14-40fb-bbcb-27dc8a1bfaf5","TeamsLinkedInLiveApp [Community Contributed]","f8cdef31-a31e-4b4a-93e4-5f571e91255a","GitHub"
"34cabb34-90ae-4aca-b8c3-c457dbedf145","PartnerCenterCustomerServiceAppProd [Community Contributed]","f8cdef31-a31e-4b4a-93e4-5f571e91255a","GitHub"
"38df11dd-582e-4207-be6f-b214675f44a1","SEAL All credentials [Community Contributed]","f8cdef31-a31e-4b4a-93e4-5f571e91255a","GitHub"
"3b80cd3f-61ca-49b0-8d0f-7b6760e08705","ZTNA Policy Service Graph Client [Community Contributed]","f8cdef31-a31e-4b4a-93e4-5f571e91255a","GitHub"
"3cf798a6-b0c5-4d5c-9645-b5273d471fc5","teamsupgradeorchestrator-app [Community Contributed]","f8cdef31-a31e-4b4a-93e4-5f571e91255a","GitHub"
"417ae6eb-aac8-42c8-900c-0e50debba688","Universal Print Enabled Printer [Community Contributed]","f8cdef31-a31e-4b4a-93e4-5f571e91255a","GitHub"
"481115cb-6d15-4cc0-8caf-f2fee7bfbd2b","IC3 Modern Effective Config Worker [Community Contributed]","f8cdef31-a31e-4b4a-93e4-5f571e91255a","GitHub"
"4962773b-9cdb-44cf-a8bf-237846a00ab7","Microsoft.EventGrid [Community Contributed]","f8cdef31-a31e-4b4a-93e4-5f571e91255a","GitHub"
"4c1a3aed-b389-4824-99b0-514c07906851","Intune DeviceCheckIn ConfidentialClient [Community Contributed]","f8cdef31-a31e-4b4a-93e4-5f571e91255a","GitHub"
"4c9fc70a-8d18-4528-9113-c6f1318c4d89","CAP Package Deployer Service [Community Contributed]","f8cdef31-a31e-4b4a-93e4-5f571e91255a","GitHub"
"4cba1704-a0c1-45ee-9d41-fe75b4ef9190","TeamsChatServiceApp [Community Contributed]","f8cdef31-a31e-4b4a-93e4-5f571e91255a","GitHub"
"4eaa7769-3cf1-458c-a693-e9827e39cc95","M365 Lighthouse API [Community Contributed]","f8cdef31-a31e-4b4a-93e4-5f571e91255a","GitHub"
"4f547b5f-c3f7-4d2c-a14f-0f8f1286d7d5","OneDriveLTI [Community Contributed]","f8cdef31-a31e-4b4a-93e4-5f571e91255a","GitHub"
"510a5356-1745-4855-93a5-113ea589fb26","Microsoft 365 Ticketing [Community Contributed]","f8cdef31-a31e-4b4a-93e4-5f571e91255a","GitHub"
"5a8800f2-f31d-4654-9bed-f5b368c703f8","Gatekeeper PPE App [Community Contributed]","f8cdef31-a31e-4b4a-93e4-5f571e91255a","GitHub"
"5b534afd-fdc0-4b38-a77f-af25442e3149","Microsoft Support Diagnostics [Community Contributed]","f8cdef31-a31e-4b4a-93e4-5f571e91255a","GitHub"
"5b712e99-51a3-41ce-86ff-046e0081c5c0","Marketplace SaaS v2 [Community Contributed]","f8cdef31-a31e-4b4a-93e4-5f571e91255a","GitHub"
"5bab4c7f-51c3-479b-a199-06b31afecc8f","Gatekeeper Prod App [Community Contributed]","f8cdef31-a31e-4b4a-93e4-5f571e91255a","GitHub"
"5f09333a-842c-47da-a157-57da27fcbca5","Office365 Shell WCSS-Server [Community Contributed]","f8cdef31-a31e-4b4a-93e4-5f571e91255a","GitHub"
"61ae9cd9-7bca-458c-affc-861e2f24ba3b","Windows Update for Business Deployment Service [Community Contributed]","f8cdef31-a31e-4b4a-93e4-5f571e91255a","GitHub"
"61c28d8b-814f-4a57-9c7f-8cd0580aead2","Iris Provider EOP Web Service [Community Contributed]","f8cdef31-a31e-4b4a-93e4-5f571e91255a","GitHub"
"6201d19e-14fb-4472-a2d6-5634a5c97568","Event Hub MSI App [Community Contributed]","f8cdef31-a31e-4b4a-93e4-5f571e91255a","GitHub"
"64a7b174-5779-4506-b54c-fbb0d80f1c9b","CMAT [Community Contributed]","f8cdef31-a31e-4b4a-93e4-5f571e91255a","GitHub"
"6682cfa5-2710-44c9-adb8-5ac9d76e394a","MTS [Community Contributed]","f8cdef31-a31e-4b4a-93e4-5f571e91255a","GitHub"
"66c23536-2118-49d3-bc66-54730b057680","Skype Core Calling Service [Community Contributed]","f8cdef31-a31e-4b4a-93e4-5f571e91255a","GitHub"
"66c6d0d1-f2e7-4a18-97a9-ed10f3347016","Managed Service [Community Contributed]","f8cdef31-a31e-4b4a-93e4-5f571e91255a","GitHub"
"6abc93dc-978e-48a3-8e54-458e593ed8cf","Customer Service Trial PVA - readonly [Community Contributed]","f8cdef31-a31e-4b4a-93e4-5f571e91255a","GitHub"
"6b650392-d446-472e-a422-e47047790237","Power Platform Insights and Recommendations Prod [Community Contributed]","f8cdef31-a31e-4b4a-93e4-5f571e91255a","GitHub"
"6bc3b958-689b-49f5-9006-36d165f30e00","Teams CMD Services Artifacts [Community Contributed]","f8cdef31-a31e-4b4a-93e4-5f571e91255a","GitHub"
"703e2651-d3fc-48f5-942c-74274233dba8","Microsoft Dynamics ERP Microservices CDS [Community Contributed]","f8cdef31-a31e-4b4a-93e4-5f571e91255a","GitHub"
"707aa1ac-be0a-478d-9ce7-0d2765a5c1d6","Funnel and Engagement Data Service [Community Contributed]","f8cdef31-a31e-4b4a-93e4-5f571e91255a","GitHub"
"73c2949e-da2d-457a-9607-fcc665198967","Azure Purview [Community Contributed]","f8cdef31-a31e-4b4a-93e4-5f571e91255a","GitHub"
"75861f5e-a448-49d7-9c99-6b59bc88c6dc","Modern Support Connector [Community Contributed]","f8cdef31-a31e-4b4a-93e4-5f571e91255a","GitHub"
"75cba773-c367-4ba4-8d4f-65f91b68c384","Grade Sync [Community Contributed]","f8cdef31-a31e-4b4a-93e4-5f571e91255a","GitHub"
"78462efa-e271-409c-a90b-ce3fbd93538a","Microsoft Teams Admin Gateway Service [Community Contributed]","f8cdef31-a31e-4b4a-93e4-5f571e91255a","GitHub"
"7a274595-3618-4e6f-b54e-05bb353e0153","Teams NRT DLP Service [Community Contributed]","f8cdef31-a31e-4b4a-93e4-5f571e91255a","GitHub"
"7dd7250c-c317-4bc6-8528-8d27b02707ef","ZTNA Data Acquisition - PROD [Community Contributed]","f8cdef31-a31e-4b4a-93e4-5f571e91255a","GitHub"
"7e9f2fca-0cd8-4a6c-a1a0-7ffe48aec7c6","Intune Remote Help [Community Contributed]","f8cdef31-a31e-4b4a-93e4-5f571e91255a","GitHub"
"80331ee5-4436-4815-883e-93bc833a9a15","Universal Print Connector [Community Contributed]","f8cdef31-a31e-4b4a-93e4-5f571e91255a","GitHub"
"80369ed6-5f11-4dd9-bef3-692475845e77","Microsoft.EventHubs [Community Contributed]","f8cdef31-a31e-4b4a-93e4-5f571e91255a","GitHub"
"823c0a78-5de0-4445-a7f5-c2f42d7dc89b","EventGrid Data API [Community Contributed]","f8cdef31-a31e-4b4a-93e4-5f571e91255a","GitHub"
"826870f9-9fbb-4f23-81b8-3a957080dfa2","Medeina Service Dev [Community Contributed]","f8cdef31-a31e-4b4a-93e4-5f571e91255a","GitHub"
"82f45fb0-18b4-4d68-8bed-9e44909e3890","Meeting Migration Service [Community Contributed]","f8cdef31-a31e-4b4a-93e4-5f571e91255a","GitHub"
"8338dec2-e1b3-48f7-8438-20c30a534458","ViewPoint [Community Contributed]","f8cdef31-a31e-4b4a-93e4-5f571e91255a","GitHub"
"87223343-80b1-4097-be13-2332ffa1d666","Outlook Web App Widgets [Community Contributed]","f8cdef31-a31e-4b4a-93e4-5f571e91255a","GitHub"
"88c57617-94ff-4043-a396-8a85a8d38922","Business Central to Common Data Service [Community Contributed]","f8cdef31-a31e-4b4a-93e4-5f571e91255a","GitHub"
"8a0c2593-9cbc-4f86-a247-beb7aab00d83","Microsoft Defender for Cloud Apps - Session Controls [Community Contributed]","f8cdef31-a31e-4b4a-93e4-5f571e91255a","GitHub"
"8adc51cc-7477-49a4-be4e-263946b4d561","MIP Exchange Solutions - ODB [Community Contributed]","f8cdef31-a31e-4b4a-93e4-5f571e91255a","GitHub"
"8c420feb-03df-47cc-8a05-55df0cf3064b","AzureUpdateCenter [Community Contributed]","f8cdef31-a31e-4b4a-93e4-5f571e91255a","GitHub"
"9199bf20-a13f-4107-85dc-02114787ef48","One Outlook Web [Community Contributed]","f8cdef31-a31e-4b4a-93e4-5f571e91255a","GitHub"
"91ad134d-5284-4adc-a896-d7fd24e9fa15","Microsoft Alchemy Service [Community Contributed]","f8cdef31-a31e-4b4a-93e4-5f571e91255a","GitHub"
"92b61450-2139-4e4a-a0cc-898eced7a779","Afdx Resource Provider [Community Contributed]","f8cdef31-a31e-4b4a-93e4-5f571e91255a","GitHub"
"944861d3-5975-4f8b-afd4-3422c0b1b6ce","Customer Service Trial PVA [Community Contributed]","f8cdef31-a31e-4b4a-93e4-5f571e91255a","GitHub"
"9449a792-6831-40e2-9097-29dbc6dd4753","Arc Public Cloud - Networking [Community Contributed]","f8cdef31-a31e-4b4a-93e4-5f571e91255a","GitHub"
"944f0bd1-117b-4b1c-af26-804ed95e767e","Media Analysis and Transformation Service [Community Contributed]","f8cdef31-a31e-4b4a-93e4-5f571e91255a","GitHub"
"98785600-1bb7-4fb9-b9fa-19afe2c8a360","Azure Security Insights [Community Contributed]","f8cdef31-a31e-4b4a-93e4-5f571e91255a","GitHub"
"9a751391-6e9f-4199-ad8d-360712a1285c","easmApiDev [Community Contributed]","f8cdef31-a31e-4b4a-93e4-5f571e91255a","GitHub"
"9d8f559b-5984-46a4-902a-ad4271e83efa","Power Virtual Agents Service [Community Contributed]","f8cdef31-a31e-4b4a-93e4-5f571e91255a","GitHub"
"9e3b502c-b4a1-441d-98fd-28e482bf7e88","Dynamics 365 Customer Insights - Consent [Community Contributed]","f8cdef31-a31e-4b4a-93e4-5f571e91255a","GitHub"
"9ec59623-ce40-4dc8-a635-ed0275b5d58a","Purview Ecosystem [Community Contributed]","f8cdef31-a31e-4b4a-93e4-5f571e91255a","GitHub"
"9f6c88b7-0272-4581-a75a-ec0340824ed1","PTSS [Community Contributed]","f8cdef31-a31e-4b4a-93e4-5f571e91255a","GitHub"
"a12e8ccb-0fcd-46f8-b6a1-b9df7a9d7231","Azure Arc Data Services Billing [Community Contributed]","f8cdef31-a31e-4b4a-93e4-5f571e91255a","GitHub"
"a8adde6c-aeb4-4fd6-9d8f-c2dfdecac60a","Dynamics 365 collaboration with Microsoft Teams [Community Contributed]","f8cdef31-a31e-4b4a-93e4-5f571e91255a","GitHub"
"aacceff9-8ec3-413c-83eb-cb131aaf55c6","Arc Public Cloud - Servers [Community Contributed]","f8cdef31-a31e-4b4a-93e4-5f571e91255a","GitHub"
"aad98258-6bb0-44ed-a095-21506dfb68fe","Universal Print PS Module [Community Contributed]","f8cdef31-a31e-4b4a-93e4-5f571e91255a","GitHub"
"aaf3f152-fe17-487b-b671-44d3f7bad293","Mimir [Community Contributed]","f8cdef31-a31e-4b4a-93e4-5f571e91255a","GitHub"
"ac9dc5fe-b644-4832-9d03-d9f1ab70c5f7","Microsoft.ConnectedVMwarevSphere Resource Provider [Community Contributed]","f8cdef31-a31e-4b4a-93e4-5f571e91255a","GitHub"
"b24835c0-6b13-41e7-822c-94c9effb98ee","FrontendTransport [Community Contributed]","f8cdef31-a31e-4b4a-93e4-5f571e91255a","GitHub"
"b2b4502c-fedd-4748-8828-09e1eae11d6a","Dynamics 365 Universal Resource Scheduling [Community Contributed]","f8cdef31-a31e-4b4a-93e4-5f571e91255a","GitHub"
"b39d63e7-7fa3-4b2b-94ea-ee256fdb8c2f","Partner Customer Delegated Admin Migration [Community Contributed]","f8cdef31-a31e-4b4a-93e4-5f571e91255a","GitHub"
"b7faa489-a4c8-4b39-bb0c-842c3de2de6a","EASM API [Community Contributed]","f8cdef31-a31e-4b4a-93e4-5f571e91255a","GitHub"
"bb3d68c2-d09e-4455-94a0-e323996dbaa3","Medeina Service [Community Contributed]","f8cdef31-a31e-4b4a-93e4-5f571e91255a","GitHub"
"bb55177b-a7d9-4939-a257-8ab53a3b2bc6","Azure Arc Data Services [Community Contributed]","f8cdef31-a31e-4b4a-93e4-5f571e91255a","GitHub"
"be1918be-3fe3-4be9-b32b-b542fc27f02e","M365 Compliance Drive Client [Community Contributed]","f8cdef31-a31e-4b4a-93e4-5f571e91255a","GitHub"
"be5f0473-6b57-40f8-b0a9-b3054b41b99e","AI Builder Prod Non God Mode [Community Contributed]","f8cdef31-a31e-4b4a-93e4-5f571e91255a","GitHub"
"bf7b96b3-68e4-4fd9-b697-637f0f1e778c","Universal Store Entitlements Service [Community Contributed]","f8cdef31-a31e-4b4a-93e4-5f571e91255a","GitHub"
"c09dc6d6-3bff-482b-8e40-68b3ad65f3fa","ProductsLifecycleApp [Community Contributed]","f8cdef31-a31e-4b4a-93e4-5f571e91255a","GitHub"
"c10f411a-874c-485c-9d66-6e0b34202c41","SEAL SNI [Community Contributed]","f8cdef31-a31e-4b4a-93e4-5f571e91255a","GitHub"
"c4de86e3-e322-4889-a781-968c76b6b325","Medeina Service PPE [Community Contributed]","f8cdef31-a31e-4b4a-93e4-5f571e91255a","GitHub"
"c6e44401-4d0a-4542-ab22-ecd4c90d28d7","App Protection [Community Contributed]","f8cdef31-a31e-4b4a-93e4-5f571e91255a","GitHub"
"c8f5141d-83e0-4e9a-84d0-bb6677e26f64","Azure Guest Container Update Manager [Community Contributed]","f8cdef31-a31e-4b4a-93e4-5f571e91255a","GitHub"
"c94526fa-9f4b-4d30-99f5-849636e4552f","Office 365 Client Insights Substrate Services Prod [Community Contributed]","f8cdef31-a31e-4b4a-93e4-5f571e91255a","GitHub"
"c9475445-9789-4fef-9ec5-cde4a9bcd446","Messaging Bot API Application for GCC [Community Contributed]","f8cdef31-a31e-4b4a-93e4-5f571e91255a","GitHub"
"c9d36ed4-91b3-4c87-b8d7-68d92826c96c","Modern Workplace Customer APIs [Community Contributed]","f8cdef31-a31e-4b4a-93e4-5f571e91255a","GitHub"
"cc46c2aa-d508-409b-aeb7-df7cd1e07aaa","MAPG [Community Contributed]","f8cdef31-a31e-4b4a-93e4-5f571e91255a","GitHub"
"cedebc57-38a2-4f0a-8472-dfcbba5b04c6","M365 Compliance Drive [Community Contributed]","f8cdef31-a31e-4b4a-93e4-5f571e91255a","GitHub"
"d00b5d58-cae5-42ad-ae0a-5a2e6f7ee6c9","Arc Token Service [Community Contributed]","f8cdef31-a31e-4b4a-93e4-5f571e91255a","GitHub"
"d2a590e7-6906-4a45-8f41-cecfdca9bca1","Hybrid RP Application [Community Contributed]","f8cdef31-a31e-4b4a-93e4-5f571e91255a","GitHub"
"d32c68ad-72d2-4acb-a0c7-46bb2cf93873","Microsoft Activity Feed Service [Community Contributed]","f8cdef31-a31e-4b4a-93e4-5f571e91255a","GitHub"
"d3ee6f25-becc-4659-9bc6-bbe6af7d18e6","OneLTI [Community Contributed]","f8cdef31-a31e-4b4a-93e4-5f571e91255a","GitHub"
"d5097d05-956f-4ae2-b6a2-eff25f5689b3","Windows Update for Business Cloud Extensions PowerShell [Community Contributed]","f8cdef31-a31e-4b4a-93e4-5f571e91255a","GitHub"
"d6037e40-282c-493d-8f63-f255e36c6ef4","Microsoft Dynamics 365 Supply Chain Visibility [Community Contributed]","f8cdef31-a31e-4b4a-93e4-5f571e91255a","GitHub"
"d6101214-691f-47d0-8ea3-dca752e62d71","Dataverse Resource Provider [Community Contributed]","f8cdef31-a31e-4b4a-93e4-5f571e91255a","GitHub"
"d9d5c99e-b0b4-4bad-92cc-5a6eb5421985","M365 Lighthouse Service [Community Contributed]","f8cdef31-a31e-4b4a-93e4-5f571e91255a","GitHub"
"da9b70f6-5323-4ce6-ae5c-88dcc5082966","Universal Print [Community Contributed]","f8cdef31-a31e-4b4a-93e4-5f571e91255a","GitHub"
"dae89220-69ba-4957-a77a-47b78695e883","Universal Print Native Client [Community Contributed]","f8cdef31-a31e-4b4a-93e4-5f571e91255a","GitHub"
"dda27c27-f274-469f-8005-cce10f270009","AADPasswordProtectionProxy [Community Contributed]","f8cdef31-a31e-4b4a-93e4-5f571e91255a","GitHub"
"de926fbf-e23b-41f9-ae15-c943a9cfa630","Microsoft Azure Authorization Private Link Provider [Community Contributed]","f8cdef31-a31e-4b4a-93e4-5f571e91255a","GitHub"
"e158eb19-34ac-4d1b-a930-ec92172f7a97","Audit Search Api Service [Community Contributed]","f8cdef31-a31e-4b4a-93e4-5f571e91255a","GitHub"
"e18cedde-9458-482f-9dd1-558c597ac42e","Hybrid Connectivity RP [Community Contributed]","f8cdef31-a31e-4b4a-93e4-5f571e91255a","GitHub"
"e3cf99e1-a6e5-4284-9f92-261c7713bc54","Customer Experience Platform CDPA Provisioning PROD [Community Contributed]","f8cdef31-a31e-4b4a-93e4-5f571e91255a","GitHub"
"e9b154d0-7658-433b-bb25-6b8e0a8a7c59","Outlook Lite [Community Contributed]","f8cdef31-a31e-4b4a-93e4-5f571e91255a","GitHub"
"ea2f600a-4980-45b7-89bf-d34da487bda1","Microsoft.Azure.DomainRegistration [Community Contributed]","f8cdef31-a31e-4b4a-93e4-5f571e91255a","GitHub"
"eec53b1f-b9a4-4479-acf5-6b247c6a49f2","Microsoft.HybridCompute Agent Service [Community Contributed]","f8cdef31-a31e-4b4a-93e4-5f571e91255a","GitHub"
"ef4c7f67-65bd-4506-8179-5ddcc5509aeb","Skype For Business Entitlement [Community Contributed]","f8cdef31-a31e-4b4a-93e4-5f571e91255a","GitHub"
"f18b59c9-5926-4a65-8605-c23ec8c7e074","console-m365d [Community Contributed]","f8cdef31-a31e-4b4a-93e4-5f571e91255a","GitHub"
"f5223e1a-4d50-4fda-9049-55d819fbb03e","Customer Experience Platform CDPA Provisioning TIP [Community Contributed]","f8cdef31-a31e-4b4a-93e4-5f571e91255a","GitHub"
"f6e5c0c2-4746-4152-b162-91309d5556df","IC3 Modern Effective Config [Community Contributed]","f8cdef31-a31e-4b4a-93e4-5f571e91255a","GitHub"
"f738ef14-47dc-4564-b53b-45069484ccc7","Marketplace Api [Community Contributed]","f8cdef31-a31e-4b4a-93e4-5f571e91255a","GitHub"
"f7a2a81e-ab33-4560-a3dd-6ddca3c5ec6d","Membership View Service [Community Contributed]","f8cdef31-a31e-4b4a-93e4-5f571e91255a","GitHub"
"fd225045-a727-45dc-8caa-77c8eb1b9521","Azure Diagnostics Resource Provider [Community Contributed]","f8cdef31-a31e-4b4a-93e4-5f571e91255a","GitHub"
"fd642066-7bfc-4b65-9463-6a08841c12f0","Microsoft Purview Platform [Community Contributed]","f8cdef31-a31e-4b4a-93e4-5f571e91255a","GitHub"
"8e55a7b1-6766-4f0a-8610-ecacfe3d569a","Microsoft Teams Copilot Bot [Community Contributed]","","GitHub"